131072 , 131073
131075 , 131070
135171 , 135173
89578 , 82188 , 82207
92689 , 103284 , 74393
137218 , 137219 , 137220 , 137227
106001 , 125785 , 125787 , 125790
118356 , 88301 , 88300
128342 , 128345 , 128383
110465 , 116825 , 116828
123892 , 123895 , 123894 , 81613 , 71054
104752 , 92451 , 123906 , 135483 , 92427 , 77261 , 91726 , 84862
73741 , 73743 , 73758
119632 , 88452 , 119655
75383 , 80326
107152 , 122292
117393 , 117395 , 88610 , 117394 , 117397 , 114198 , 97737
136823 , 133589
127312 , 127318 , 105213 , 127311 , 127310
99169 , 99168 , 85155 , 84869 , 91211 , 82058 , 81198 , 71260 , 73660 , 94940 , 85151 , 76382 , 89982
127025 , 127003
97267 , 102855 , 106102 , 110774 , 105478 , 117320 , 117323 , 109322 , 89453 , 117324
100977 , 71141
117208 , 87678
104053 , 127849 , 104062
131456 , 129253 , 129271 , 93439
128753 , 129441 , 128769 , 128771 , 128770 , 129444 , 133959 , 133956 , 99403 , 103995
110640 , 110642
112032 , 117447
95465 , 93053
137875 , 137879 , 137860 , 129929 , 137882 , 137881
125639 , 125644 , 125647
133834 , 133835 , 133836
77088 , 86856
83599 , 121311
119712 , 121142 , 119711
137527 , 137525 , 85513
118809 , 118826 , 118812 , 118815
139329 , 139325
119654 , 77081
131131 , 131134
89345 , 76518 , 127881 , 127880 , 77464 , 127883 , 127882 , 127885 , 92222
127873 , 101632
129479 , 132799
114400 , 123296
122930 , 122964
92256 , 128656 , 128662 , 87162 , 128655
121357 , 91774
136102 , 100617 , 132062
77716 , 129353 , 129355 , 129354 , 129341 , 129357 , 129356 , 129343
73820 , 73775
69699 , 69701
135233 , 135245
128387 , 128386 , 128388
90994 , 138524
86935 , 126198
112709 , 125006
134520 , 135240 , 135241 , 111245
131144 , 131145
122961 , 122958
135251 , 135252
110625 , 129088 , 129087
131624 , 72906 , 74172
100245 , 129300
135255 , 135256
123921 , 85475 , 122706 , 123526 , 123529 , 123913 , 123528 , 120043 , 123915 , 123919 , 124623
134938 , 102813
73819 , 73820
122969 , 122973
134960 , 95751 , 109641 , 134971
132929 , 130856 , 117960 , 130891 , 130890 , 98445 , 130892 , 130894 , 128848 , 130866 , 130868 , 130871 , 81175 , 130870 , 130877 , 130878
114834 , 139308
135137 , 135385
104869 , 124695
131166 , 131165
136595 , 136602 , 136588
131136 , 98434
82373 , 81663
89696 , 96834 , 89701 , 92613
109792 , 117236 , 117238
73832 , 73834
126564 , 94830
139368 , 139374
125553 , 129233 , 92299 , 125583 , 117374
88496 , 83603 , 127765 , 127767 , 87126 , 127752 , 127755
72640 , 135048 , 95626
132134 , 132118 , 132117 , 81914 , 132126 , 132127 , 132108 , 132124 , 132125
126239 , 127935
135284 , 135269
73968 , 139269 , 139259 , 139241
124723 , 124722 , 124725 , 124724 , 124743 , 124727 , 124726 , 124729 , 124728
130177 , 107619
138803 , 107194
119651 , 119650 , 119652 , 119647 , 119646
134288 , 103523
88134 , 92335
89873 , 93264 , 120221
135292 , 135293
77782 , 69931
97109 , 124331
128885 , 125323
125445 , 134020 , 134021
117299 , 120535
139362 , 139342 , 139357
127619 , 127956 , 127863 , 127862 , 127958
139402 , 139400
120243 , 120244 , 120246
118945 , 118906
102540 , 102542
133858 , 133859 , 133846 , 133854 , 133855 , 133821
116538 , 104927
135318 , 135305
135310 , 135309
124805 , 121245
135558 , 135066
131218 , 131216
127125 , 127126
123265 , 123267 , 123266 , 123268 , 91466 , 95693
98323 , 86117 , 98436 , 89332 , 71798 , 90006 , 84173 , 103006
104177 , 137252 , 117003 , 117002
131219 , 131223
91126 , 130365
139156 , 98719
83556 , 138600 , 138601
131226 , 131227
82321 , 126965 , 126964 , 126966 , 122838 , 126968
139410 , 139422
131395 , 81911
107028 , 139050
134407 , 134410 , 134408 , 134392 , 134409 , 134415 , 88335 , 134412 , 134413
139127 , 106954
131947 , 137448 , 89039 , 117023
118947 , 118946
119916 , 93406
131091 , 131096 , 90398
121873 , 86226 , 121897 , 121898 , 121871
84598 , 95958
127143 , 127142
124096 , 124102 , 124105 , 124104 , 124106 , 124093 , 124095
93588 , 95165
85155 , 84869 , 82824 , 91211 , 82058 , 81198 , 118384 , 84946 , 73660 , 71260 , 85151 , 122046 , 76382 , 89982
117297 , 120849 , 120848 , 120851 , 117349 , 120853 , 120852 , 117287 , 117291
123056 , 123054
127155 , 127156
70208 , 118571
89335 , 123261 , 123260 , 123262
110475 , 135647
139460 , 139434
130823 , 82536
89511 , 132040
86512 , 119184 , 117755 , 86511
85841 , 134464 , 111964 , 135037
131248 , 131265
98493 , 98494
80326 , 83896
129065 , 125277
135360 , 135361
123409 , 89982
107474 , 105916
123077 , 123080
133936 , 133932 , 133933
139463 , 139470
82132 , 90300
95457 , 107746 , 92454 , 91980 , 112478
71734 , 84318
106715 , 139455
78026 , 78030
135378 , 135372
73220 , 131988
107600 , 105805
91489 , 117349 , 117287 , 117319 , 117288 , 91499 , 117291 , 117290 , 117293 , 117359 , 117295 , 117358 , 117294 , 117361 , 117297 , 117360 , 117296 , 117362 , 117367 , 116695
91971 , 121442
139479 , 139477
77088 , 87179
139634 , 81966 , 81934
127186 , 127190
126304 , 126298 , 83695
135379 , 135389
131288 , 131289
133248 , 133233 , 133238 , 133258 , 106443
125041 , 125040 , 125039 , 125038
104752 , 74576 , 103715 , 87475 , 104882 , 103716 , 128310 , 82235 , 103706
82144 , 82149
71367 , 96919 , 74472 , 71368 , 71359
128291 , 88308 , 103351
125378 , 129030
127199 , 127215
101731 , 103535
134775 , 111450
122000 , 124231
119697 , 119696 , 119699 , 119701 , 119702
131315 , 131305
94592 , 94299
120082 , 85387 , 120076 , 120092 , 120078
107543 , 80822 , 120715 , 124221 , 124222
117575 , 117574 , 117580
139508 , 139501
137333 , 137339 , 137342 , 137343
139511 , 139509
139427 , 139428 , 139429
75889 , 96608 , 94386 , 94054
123126 , 123132
71417 , 92925
88770 , 75573
72592 , 99940
123139 , 123131
138818 , 107460
123488 , 123333 , 81373
119073 , 119018
107172 , 98154
131330 , 131336
77417 , 77980 , 90894
101528 , 120186
70049 , 69743
133442 , 71886
123146 , 123148
139530 , 139529
135440 , 135438
70659 , 85530
131335 , 131357
131448 , 131244
78631 , 77564
92756 , 128973
85456 , 84875 , 108749
125028 , 104907
118995 , 102745
86770 , 134970
75302 , 121866
71209 , 103434 , 104445
125345 , 121456 , 114220
82205 , 82204
139547 , 139550
138594 , 83163
106770 , 129704 , 91199 , 139853
125825 , 136897
118288 , 87093
100999 , 134213 , 101244
123185 , 85488 , 123184 , 105507 , 123189 , 123188 , 86310 , 123181 , 123182
125350 , 96427
123178 , 123180
127266 , 127284
117493 , 128868
127280 , 127279
118727 , 111259
102486 , 102489 , 95416 , 95978 , 73660 , 71260
99296 , 122752 , 122763 , 122746
96003 , 103715 , 105442 , 103716 , 136199 , 136200 , 74576 , 87475 , 77394 , 131541 , 82235 , 103706 , 78461 , 92991
117315 , 120858 , 131081
136738 , 136739 , 136732
90419 , 90421
131858 , 131857 , 89163
119093 , 119097
107553 , 106066
85155 , 84869 , 91211 , 82058 , 81198 , 75793 , 73819 , 73820 , 73660 , 71260 , 94940 , 85151 , 76382 , 89982
136742 , 136743 , 136744
117954 , 79285
119107 , 119096
103409 , 103410 , 134478 , 134477
132522 , 132523 , 94586 , 132524
115010 , 115005
90432 , 90431
139582 , 139580
78263 , 78264 , 73485
134998 , 134999 , 82893
101920 , 82137 , 117272 , 117167 , 117279 , 109454 , 117278
124647 , 124646 , 124649 , 124650 , 124653
93640 , 128189
131382 , 131405
122084 , 91559
100977 , 137245
135491 , 135495
139483 , 139484 , 139485
76713 , 128506 , 80412 , 108255
101490 , 121602 , 121636
84085 , 80423
130387 , 130389 , 130388 , 130391 , 130393 , 130392 , 130395 , 130378 , 130394 , 130364 , 130380
131408 , 130034 , 134263 , 130004 , 130332
128693 , 128646 , 79211
93190 , 87710
139605 , 139598
127329 , 127304
126692 , 127950
123223 , 123226
125637 , 126663 , 126680 , 121422
76072 , 72076
107457 , 139134 , 139133
106501 , 106495 , 135516 , 135517
131424 , 131423
91091 , 130021 , 91092 , 121289 , 97960 , 130026 , 130029 , 99615 , 100798
131798 , 139247
134656 , 120002
118690 , 95959 , 120566 , 118986 , 119674 , 118861 , 118990
136554 , 134493
131312 , 131306 , 131307
94987 , 88683 , 95564
139619 , 139615
136880 , 93210
124225 , 119569 , 124224 , 122118 , 129037 , 129036 , 129039
82280 , 82282
135529 , 135534
117604 , 126740 , 117530 , 122175
128305 , 88185 , 128296
119202 , 86335
84881 , 84880 , 131674 , 131675 , 131673 , 131676 , 131677
127347 , 127348
115986 , 138644 , 138645 , 138633 , 115997
98560 , 135891 , 108459 , 110317 , 135887 , 135901 , 135885
134048 , 134038 , 134069
85485 , 91919 , 85486
131323 , 131320 , 131325
129285 , 129287 , 129286 , 88030
119164 , 119166
136786 , 136788 , 136789
131454 , 131452
132042 , 122680
111473 , 110479
135567 , 135551
130961 , 130963 , 130962 , 83764 , 94439 , 130968 , 130971 , 70538 , 130973 , 129519
129379 , 106789 , 129380 , 127242 , 122380
107154 , 131863 , 105034 , 131865
105798 , 132552
132416 , 132417 , 129991 , 129992 , 132414 , 129999
135444 , 111102
118294 , 87292
94800 , 93291 , 131432 , 131455 , 131453
97075 , 88021 , 72697 , 72425 , 70858 , 87946 , 69613 , 81132
95187 , 114665 , 90029 , 94142
135367 , 135775
96678 , 84347
118441 , 116204 , 118414
71280 , 91640 , 75453
123284 , 123287
135571 , 135578
127381 , 127380
123153 , 123152 , 123150
94613 , 94618
119195 , 119196
85627 , 111806
127392 , 127391
118433 , 74368 , 118423 , 118422 , 118425 , 118424 , 118427 , 118426 , 118429 , 118428 , 118431 , 118430
139540 , 139541 , 139545
89706 , 74972
134552 , 71087
74773 , 104791 , 127786 , 104812 , 104767
139678 , 139695
94816 , 73957 , 91174 , 75690 , 93882 , 87422
108213 , 122010
127401 , 127400
136112 , 118695
131496 , 131497
123168 , 123167 , 123166
139686 , 139702
139692 , 139693
123061 , 70902 , 93625
116785 , 138033
131509 , 131500
137447 , 132055 , 105319 , 106619 , 137454 , 137452 , 137453
110819 , 135813
119223 , 119224
123097 , 123096 , 123098 , 123101
139701 , 139708
130032 , 133942 , 133926 , 133940 , 133941 , 133945 , 94092
125985 , 125987 , 125986 , 125989 , 125988 , 125991 , 125992 , 126223 , 126222 , 126225 , 126224 , 126227 , 126226
124883 , 133435 , 133417 , 133437
74175 , 74174
126433 , 126424 , 101402 , 126426 , 126428
76726 , 101019 , 77103
118584 , 119885
72755 , 132954
139705 , 139741
119937 , 97125 , 86884 , 98376
91104 , 139194
97562 , 124543
89751 , 86934 , 86392
69814 , 70383
92451 , 96904
103808 , 125189 , 124201
99597 , 89759
127445 , 127448
139862 , 131413
95273 , 126858
131554 , 131541
134868 , 134869 , 116237
79617 , 120403 , 120413
134531 , 134544 , 134532 , 134543 , 134540
89780 , 91399
73682 , 123880
86608 , 79587 , 89667 , 98387 , 79589 , 79015 , 79590 , 79435 , 79579 , 79434 , 95756
135680 , 135608
123197 , 123196 , 123199
77925 , 119644
133441 , 137862
122707 , 91255
100516 , 129835
77219 , 71212
123488 , 74436 , 74776 , 123487 , 71727
139537 , 88837 , 138628 , 107046 , 71656 , 77855
127077 , 127853
131562 , 131563
93960 , 95435
123201 , 123200 , 123216
128256 , 128244 , 121309
128162 , 126773
95602 , 126562
86659 , 106242 , 99402 , 86573 , 71985 , 69907 , 118548 , 82841 , 118553 , 118520 , 98683 , 97018 , 71258 , 93085 , 107103
120385 , 120401 , 71186 , 120389 , 88052 , 120392 , 120408 , 70891 , 120396 , 120380 , 124126
96834 , 75383 , 98713 , 80907 , 124286
133570 , 104053 , 127849 , 129482 , 104062
138890 , 91480
139760 , 139766
115704 , 131054
118437 , 118439 , 118438 , 104444
137921 , 108844
135649 , 135700
134722 , 134723 , 134720 , 134721 , 134715 , 93370 , 134750 , 134719 , 134716 , 87759 , 134717
123557 , 76004 , 95159 , 75656 , 79163 , 75771
82132 , 128935 , 89974 , 128936 , 127914 , 90300
124487 , 73133
139764 , 139784
132048 , 98345
126864 , 132851 , 105589 , 135428
74243 , 74235
127496 , 127483
123369 , 123417
105761 , 71280 , 102516
83012 , 124839 , 130267 , 129854
117073 , 117063 , 102760
134449 , 134454 , 134455 , 134453 , 85819
75235 , 117778 , 107365 , 120647 , 120671
139767 , 139797
136818 , 104121 , 120201 , 115034
136406 , 136388 , 136404 , 107935
102288 , 101332 , 125092
128913 , 129425 , 129424 , 129427 , 129429 , 129430 , 129432 , 129418 , 129421
136886 , 136884 , 136874
101426 , 106354 , 86212 , 133034
95092 , 84390 , 121896 , 125658
136850 , 136851 , 90016 , 136849 , 136853 , 92714
131600 , 131606
118541 , 118543 , 118542 , 118545 , 118641 , 118640 , 118643 , 118642 , 118645 , 118644 , 118647 , 118646 , 118649 , 118648 , 118650 , 118525 , 118524
131586 , 131587 , 88819 , 125938 , 131590 , 131589 , 124378 , 118125 , 131583
89585 , 76996 , 125131 , 118954
98293 , 72425 , 98297 , 98296 , 98298 , 100700
125749 , 96503
84081 , 132135 , 87964
127528 , 127503
127523 , 127506
119330 , 119321
119325 , 119326
118465 , 85155 , 118466 , 84869 , 91211 , 82058 , 81198 , 118478 , 118384 , 84946 , 71257 , 73660 , 71260 , 85151 , 76382
136899 , 136900 , 136888
98866 , 98823
139802 , 139806
70176 , 70175
139623 , 139624 , 139625
88688 , 88695 , 88696 , 88685 , 88684
94872 , 127407
127522 , 127524
125801 , 80092
91445 , 139023
100883 , 113208
119141 , 86762
128631 , 128632 , 112476
118836 , 119837
131626 , 131628
139811 , 139828
123432 , 123438
119297 , 119385
83079 , 130729 , 118988 , 118879
107192 , 139688
134866 , 136591
87213 , 110526
118242 , 136841
131350 , 131351 , 131354 , 131355
138979 , 138711 , 92084
84869 , 76996 , 76998 , 91211 , 82058 , 82575 , 103706 , 71260 , 94940 , 85151 , 97759 , 76382 , 82846 , 85155 , 103715 , 103716 , 85743 , 81198 , 87475 , 128310 , 132090 , 88568 , 95416 , 82235 , 73660 , 89982
135734 , 135733
117333 , 117332 , 117335 , 117318 , 117334 , 117337 , 103080 , 117336 , 117339 , 117338 , 117340 , 117342
123744 , 123712 , 75383 , 87899
121129 , 117582
83732 , 98457 , 81103
87712 , 110042
123520 , 90617
104673 , 138422 , 103812 , 138414 , 138413
136506 , 134986
112936 , 125789
119363 , 119362
79479 , 93721
138307 , 138308 , 138309 , 86918 , 138302
136719 , 126607
135755 , 135758
134579 , 134583 , 134586 , 134587 , 134584
124003 , 123989 , 123988 , 123959 , 123608 , 123994 , 101405
123473 , 123474
123460 , 123484
135464 , 135465 , 135470 , 135471
89696 , 89701 , 88645 , 125415 , 93270 , 87899
107799 , 126952 , 126954 , 126943 , 126942
131671 , 131679
136934 , 136935 , 136936
123481 , 123483
76659 , 134308 , 134309
94720 , 127677
127585 , 127586
90563 , 74495
76133 , 113973 , 123863 , 123864 , 71291
92299 , 72764
117834 , 117804 , 117836
111718 , 100315 , 108683
72080 , 72146 , 120710 , 72168
133595 , 105215
99040 , 133174 , 133175 , 78223
135126 , 95496
139889 , 139882
126672 , 76205 , 126653 , 126671 , 126670
119409 , 119408
117491 , 117688 , 117690 , 117517 , 117695 , 117694
71521 , 73049 , 125850 , 74894
94595 , 123219 , 126888 , 80907 , 87899 , 126891 , 126890 , 126892
131702 , 131701
137638 , 137639 , 137636 , 137642 , 137641 , 77261 , 125580 , 137551 , 137650 , 137619 , 137649 , 76882 , 137653
135802 , 135803
137539 , 137507 , 137543 , 137549
139896 , 139897
90747 , 82554
83558 , 115113 , 113902
117754 , 71934
103715 , 128037 , 103716 , 128041 , 128040 , 128043 , 118954 , 128046 , 103888 , 74576 , 87475 , 82235 , 103706
132930 , 132800 , 98882 , 133607 , 115977 , 98698 , 134766 , 134767 , 123820 , 101459 , 134768 , 134769 , 88085 , 115291 , 94234 , 94173
103715 , 87475 , 103716 , 76996 , 128310 , 76998 , 82235 , 103706
121778 , 125269
131712 , 131713
123544 , 123501
115433 , 115435 , 115436 , 130124
137987 , 137978 , 137979 , 111627
78081 , 84544 , 79090 , 88521 , 76316 , 78079
135048 , 95626
124000 , 73352 , 71898 , 76125
119904 , 135356
109693 , 137375
125329 , 88976
139617 , 139599 , 139551 , 139613
121159 , 121161 , 121160 , 121162
127633 , 127646
86800 , 127811 , 127813 , 127812 , 71752
108903 , 113608
119471 , 119422
85840 , 128482
119460 , 119451
76213 , 97165
131160 , 132332
123553 , 123551
131754 , 131753
139952 , 119028 , 139943 , 125511 , 139947 , 139944 , 139950 , 100444 , 119212 , 139949
125877 , 96954 , 77551 , 96911 , 120174
120637 , 120636 , 120558
70720 , 127275
133830 , 96932
123584 , 123561
123207 , 93082 , 120973
139963 , 139961
139960 , 139966
134262 , 134279 , 134264
126071 , 126074 , 126079
139602 , 99363
135866 , 135865
139956 , 139967
128882 , 118281
127044 , 120118
135861 , 135881
118786 , 120023 , 120022 , 120025 , 120024 , 120027 , 120026 , 120926
75601 , 85557 , 85830 , 85833 , 130442 , 78829
119480 , 119502
139414 , 91374
124928 , 81291
123235 , 123234 , 123237 , 123236
82694 , 93912 , 70572
119499 , 119487
125456 , 92308 , 100857 , 98009 , 125452
139028 , 75387
77856 , 136558
81634 , 127833 , 127834
123017 , 75016
139978 , 139980
127427 , 95181
90896 , 123527
88218 , 85242
139970 , 139984
81371 , 92090
85477 , 89067 , 89036
117281 , 117169 , 117280 , 117283 , 117045 , 117284 , 117286
127690 , 127694
135409 , 74681 , 135407
121017 , 126186
123121 , 123120 , 123123 , 123122 , 123125 , 123124
111893 , 103654 , 92361 , 86750
122680 , 124527
137555 , 101459
134291 , 134292 , 134287
128152 , 135453
98020 , 100045
129395 , 129394 , 129383 , 129384
123401 , 123391 , 123310
78549 , 78559
138518 , 138519 , 138516 , 138517 , 77513 , 116840 , 138520 , 138521
137042 , 95361 , 137046 , 84793 , 137038
119715 , 121108 , 121095
119175 , 87097
117908 , 117911 , 117910
118305 , 134004 , 134005 , 103752 , 133998
96828 , 117646
103455 , 94639
87509 , 77821
123377 , 123380 , 123375
124481 , 124480 , 124483 , 124482 , 72103 , 91945 , 73704 , 80527 , 80243 , 124469 , 124468 , 124470 , 124475 , 124474 , 124477 , 124476 , 124479 , 124478
123626 , 123628
138176 , 138183 , 138186 , 138190 , 138195 , 138225 , 138198 , 138196 , 97302 , 138197 , 138203 , 138201 , 138204 , 138173
132513 , 132529 , 105095
73153 , 133147
110533 , 136734
123381 , 123383 , 123384
98213 , 122533 , 79780 , 78279 , 100854 , 83254 , 85769
110592 , 120295
106506 , 99804
118485 , 128783
73627 , 75343
127745 , 127719
70657 , 88447 , 71790
72881 , 80625 , 72883 , 100354 , 95188 , 128884 , 95465 , 75898 , 73951
117844 , 80281
124042 , 82286
127748 , 127742
117121 , 117120 , 117122 , 117118
128208 , 81341 , 78716
104873 , 84905 , 73912
111363 , 111369
131825 , 131876
115466 , 115469
119563 , 119562
113459 , 83396 , 83238
85585 , 112020 , 69735 , 127437
108040 , 139292
69808 , 120181
81284 , 119322 , 119341 , 119340 , 119342
119573 , 119575
125204 , 118599 , 132511 , 133181
105688 , 92506
131139 , 91893 , 106294 , 101737 , 107771 , 124202 , 123135 , 91966
103008 , 136153
97760 , 133209
119584 , 119586
139803 , 139804 , 139789
123691 , 123679
135974 , 135975
135972 , 135973
117777 , 117776 , 117706 , 79436 , 117775
119620 , 119566
127785 , 127784
127789 , 127788
134258 , 137702
105472 , 133725
119601 , 119599
107600 , 100149 , 126088 , 126075 , 119663 , 101998
111379 , 137700 , 137701 , 137685 , 90124 , 116156
131913 , 131886
79968 , 100496 , 129282 , 95845 , 129289 , 103592 , 129291 , 81210 , 129290 , 129294
125282 , 71570 , 85381 , 71674
119609 , 119611
96595 , 109863
127809 , 127800
131862 , 115561
131888 , 131914
127971 , 127963 , 114364
116275 , 138145 , 137559 , 137562 , 114520 , 137560 , 137561
115650 , 139973
72096 , 117994
107697 , 77088 , 101830 , 137500 , 101839
85349 , 121129
123717 , 123719
119558 , 119686
105636 , 109039
92377 , 122297
123721 , 123720
103674 , 102813
134368 , 134359 , 134362
131919 , 131917
93923 , 127237 , 127236 , 102711 , 127239 , 127238 , 84390 , 127240 , 83896
127547 , 95326
137098 , 137102 , 137103
129543 , 85147
135105 , 120663 , 102493 , 135102 , 135100 , 135101
134241 , 96842
128912 , 128911 , 128910
78675 , 78680
129617 , 134231
92623 , 81118
139318 , 99962
88563 , 127138 , 127133 , 84862
119463 , 119821
139330 , 82370 , 132281
87972 , 85783
113073 , 85255
111652 , 75255 , 100358 , 111916 , 106988 , 101758
136321 , 111164
127217 , 127248 , 127235 , 127253 , 127225 , 127224 , 126936 , 127212
89585 , 76996 , 80907
70176 , 131728 , 70175
86881 , 86801 , 86850 , 86840 , 86829 , 86862 , 86878
123683 , 123817
99475 , 71527 , 92893
136042 , 136041
137223 , 137225 , 71373
99181 , 99180
113250 , 111010 , 116981 , 116970 , 116975
128311 , 119208
111474 , 111470
119667 , 119668
139847 , 139854 , 139852
108469 , 122749 , 122813
91282 , 74335
126177 , 126176 , 126268
127869 , 127868
129066 , 134863
70225 , 128183
135793 , 135782 , 135783 , 110538
118611 , 118613 , 92244 , 118612 , 78026
136072 , 136073
101346 , 130663 , 130665 , 130664
129973 , 129975 , 98104 , 127100
114257 , 116954
123601 , 137731 , 137715 , 137744 , 137728 , 122962 , 137745 , 137718 , 137716 , 137717 , 137742 , 137743
107416 , 107419
119712 , 119711
136582 , 136580 , 132805 , 136569
107424 , 107426
119713 , 98314 , 119708
134422 , 134423 , 134424
87560 , 102718
119715 , 119714
137156 , 137157 , 137144
78763 , 86941
120804 , 120747 , 120767
131968 , 135664 , 135645
100294 , 95654 , 100842
74224 , 133344 , 133717 , 102959
130291 , 92771
126592 , 124672 , 126579 , 126580 , 75383 , 126590
104980 , 118087
134274 , 134994 , 134275 , 134995 , 134260 , 134296 , 129901 , 129870
124213 , 82476
94090 , 88028
129392 , 77300
111945 , 127519
132897 , 98381
121856 , 85106 , 84964 , 124504 , 124506 , 124511
123684 , 115786
119732 , 119736
122809 , 108472
119704 , 119774
115648 , 115647
85522 , 137583
117203 , 117218 , 117205 , 117223 , 119767 , 92966 , 117206 , 117225 , 117226 , 74620
136134 , 136124
80338 , 93012 , 107100
123521 , 123522 , 123519
76364 , 130367
75947 , 130783
128987 , 128986 , 128988
105188 , 85175
119633 , 78920
127955 , 127942
126816 , 83683 , 123396 , 126815
98356 , 123833 , 123834
120241 , 94711
85155 , 84869 , 91211 , 82058 , 84271 , 81198 , 118384 , 118448 , 84946 , 118365 , 73660 , 71260 , 85151 , 76382
78422 , 136536
136129 , 119026 , 123639
139920 , 139925 , 139919
95025 , 119940
84439 , 130526
123927 , 99230
137890 , 137891 , 124148 , 137892 , 137899 , 137896 , 137886 , 96399 , 134364 , 137900 , 116751 , 137901
132059 , 132061
137585 , 98802 , 135800 , 88556
126473 , 80312
120805 , 120812 , 120815
97256 , 93166
137186 , 137189 , 137183 , 137180 , 137181 , 77950
88802 , 126196 , 127451 , 88970 , 128317 , 92188 , 128316
90672 , 107944
118887 , 112503
123376 , 123379 , 123387 , 123388
87716 , 94521
77509 , 96542
70186 , 70172 , 127439 , 127438
125555 , 81266
131752 , 131740 , 131741
85882 , 129130
70777 , 95087
127991 , 127992
84935 , 119526 , 108859
129139 , 118651
139938 , 139939 , 139940
83961 , 78506 , 75325 , 82237 , 83404
127970 , 128020
126643 , 82131 , 132475 , 111357
92609 , 92608 , 119931
127076 , 106589 , 112444
126873 , 100632 , 121357 , 128319
119808 , 119800
76064 , 73439
69889 , 87809 , 82210 , 90439 , 90440 , 90442 , 89578 , 125133 , 82190 , 86830
132271 , 132300 , 106111
74829 , 123823
106359 , 92299
136194 , 136197
131758 , 131759 , 131757
136202 , 136203
77147 , 77146 , 77149
136201 , 136205
108377 , 123064
119974 , 119662
118771 , 118674 , 120516 , 117799 , 118681 , 124601 , 118680 , 118719 , 118767
90124 , 133132
121346 , 121349 , 121351 , 121356
104022 , 94668
122947 , 124565 , 122948 , 124567 , 124569 , 124568 , 122939 , 124538 , 124570
119827 , 119828
105495 , 105387 , 86122
118115 , 118114 , 118116
95923 , 135548
97319 , 85000
99344 , 99358
127937 , 91313 , 127957 , 118612 , 123591 , 120199 , 125482 , 125484
136210 , 136229
79440 , 94695
103715 , 103716 , 125479 , 125480 , 92299 , 93610 , 130346 , 129162 , 129167 , 129166 , 87475 , 86770 , 127636 , 128310 , 125528 , 82235 , 103706 , 80796
139271 , 84040
123943 , 123944
95271 , 95272
101908 , 113210
131761 , 107933
91153 , 91195
120854 , 120859 , 120858
136232 , 136233
128304 , 119589
132210 , 132226 , 132225 , 95844 , 132217
79905 , 77267 , 74345
91585 , 115356
133207 , 133208 , 96171
89585 , 121520 , 118723
135715 , 135712 , 135713 , 135686 , 135717 , 135695 , 135692 , 135696 , 81650 , 94296 , 135710 , 135711 , 135708 , 135709
120737 , 96693 , 128781
136243 , 136239
117347 , 81604 , 117350 , 117352 , 117357
112193 , 112192 , 136336 , 136337 , 83545 , 112173 , 112190
81538 , 84454
116694 , 116699 , 134236 , 134237
86512 , 112254
106609 , 114869 , 124751
135463 , 105015 , 102029 , 102028
120058 , 119677
132139 , 132168
69715 , 123202 , 75367 , 82985 , 126042
132165 , 132153
119872 , 119871
129065 , 129064 , 129071
107094 , 132664
139118 , 108831
73441 , 73988 , 80247 , 93998
119873 , 119883
117499 , 119947 , 119951 , 119935
103496 , 103502
119884 , 119886
90768 , 124425
77206 , 77115 , 77261
118562 , 124325 , 124324 , 124327 , 124326 , 120569 , 124328 , 124317 , 121597 , 124316
133362 , 103168 , 133360 , 133366 , 133364 , 133365 , 133358
123602 , 123623 , 123624
135942 , 128411
80215 , 80358 , 127451 , 127435 , 127436
137234 , 137282 , 137306
75720 , 126682 , 78348
77284 , 129736
111032 , 128763
128089 , 128088
133128 , 106668
133347 , 73687
129585 , 129584 , 129586 , 129588
132193 , 132196
136298 , 136284
99541 , 91814 , 97612
108995 , 130818
74883 , 74823
138118 , 136868 , 136869
124007 , 124006
131830 , 131831 , 131818
136599 , 135995
134563 , 134566 , 134550
135908 , 95743
136305 , 136309
136307 , 136308
128867 , 128850 , 128869 , 128870 , 83320 , 81498 , 83869
89812 , 124166 , 124168
131222 , 92238
123858 , 99608
130178 , 126055
132370 , 132402 , 132400 , 132401 , 132389 , 132362 , 132363 , 132381
128976 , 69926
71280 , 103045
99088 , 132587
119933 , 119932
136322 , 136318
135282 , 135584 , 99587 , 74222
107804 , 115695
139642 , 139640 , 139646 , 139644 , 139660 , 139661
87457 , 136045
133780 , 133781 , 103404
118723 , 118757 , 118759 , 104840
103561 , 103562
80225 , 89472 , 87603 , 87339 , 77706 , 87885
84986 , 72988
74891 , 74890
111860 , 129401 , 129387 , 111866 , 129389 , 129388 , 129391
124051 , 124040
80579 , 127202 , 123655 , 73958 , 120459 , 91981 , 123697 , 89749 , 129173 , 129172 , 86324 , 124381 , 124380 , 124383 , 124382
119952 , 119949
133255 , 98458
131542 , 131543 , 131546 , 131544 , 131535
121392 , 121428 , 121415 , 121430
95383 , 95387
105049 , 134873
76855 , 97542
132868 , 123448
117041 , 117040 , 105318 , 117081 , 117083 , 117082 , 117103 , 95726
117769 , 119913 , 119915 , 119914
136343 , 136362
87026 , 87384
128164 , 128166
86421 , 74617 , 111675
110629 , 133109 , 110857 , 133129 , 71706
119984 , 119971
136359 , 136365
71265 , 73106 , 75140 , 75145 , 75146 , 124108
117032 , 131119
134614 , 129205 , 120073 , 134602
136368 , 136366
120064 , 119906
74039 , 116780
119978 , 119996
75526 , 90718
84065 , 136960 , 85682 , 136967 , 136964 , 74457 , 136968 , 136969 , 136959 , 83311
85155 , 84869 , 91211 , 82058 , 73775 , 81198 , 118384 , 84946 , 70902 , 112476 , 73820 , 73660 , 71260 , 80796 , 85151 , 76382 , 89982
122035 , 109756
91494 , 91547 , 89706
101714 , 89118
87025 , 128390
85155 , 120871 , 96489 , 92299 , 82058 , 81198 , 88503 , 102486 , 71257 , 102489 , 95416 , 71260 , 73660 , 76382 , 89982
136376 , 136377
122211 , 134168
99951 , 131852
132288 , 132286
120000 , 119998
91412 , 92100 , 91414 , 92107 , 128701 , 75820 , 129580 , 128702
132291 , 132292
121915 , 121917 , 121933 , 121916 , 121918 , 121934
138115 , 138112 , 138116 , 138110 , 138111
119139 , 138266 , 138265
128203 , 128204
91157 , 94409 , 94408 , 91116
132298 , 132297
137475 , 113600 , 94755 , 137473 , 100779
138322 , 134477
128407 , 128008
126353 , 89102
131890 , 131906 , 131891
114881 , 139746 , 139747 , 139744 , 139745 , 105413 , 139748 , 139749 , 139740
124115 , 124116
86608 , 96090
81635 , 84682
90104 , 125371
136410 , 136411
110708 , 129340
120027 , 120026
117511 , 117510 , 95151
103645 , 103644
139770 , 139771 , 139753 , 139769 , 139742
110801 , 129264
115443 , 132824
95945 , 129963 , 129965 , 129964
77501 , 88847
111847 , 111846
136422 , 136420
93413 , 105710
138129 , 101951
128235 , 128236
131910 , 131909 , 131912
134549 , 138782 , 138781
136426 , 136425
137048 , 82539 , 127002
119344 , 71594
123889 , 123890 , 98809
124122 , 124159
136432 , 136431
78118 , 121022
130720 , 130707 , 130692 , 126516
128246 , 128252
133271 , 81284 , 132060
139879 , 139883 , 75038
118560 , 120960 , 118585 , 103192
132340 , 132360
92803 , 118562 , 70902 , 70827 , 70874 , 93610 , 95501 , 118556
120116 , 95430
129250 , 104485 , 129271
120066 , 120061
82056 , 82058 , 71260 , 73660 , 94940
72145 , 127170 , 72167 , 72374 , 84703
134546 , 134547 , 134545 , 98647
119907 , 120229
83243 , 130415 , 130417 , 130419 , 130418 , 130421 , 130423 , 130422 , 130425 , 130424 , 130427 , 130426 , 90334
97985 , 128375 , 128374 , 128376 , 128380 , 128367
136546 , 136562 , 106433 , 136563 , 101907 , 109555 , 136550 , 106437 , 136551 , 113325 , 136543 , 136540
128263 , 128278
88160 , 118587 , 90751
126211 , 126197 , 79060 , 126196 , 80215 , 79103
131477 , 129113 , 104410 , 129114
104856 , 114955 , 102270
117447 , 117446 , 117448 , 117421 , 117420 , 117423 , 117422 , 92945 , 96145 , 79090 , 117433 , 83740 , 87487
120085 , 120084
76420 , 90026
136259 , 97312 , 80326
120086 , 120088
85973 , 72293
111905 , 111898
131217 , 108971
69889 , 82210 , 90439 , 90440 , 90442 , 89578 , 82188 , 82207 , 82190 , 86830
76689 , 121552 , 72851 , 121522 , 104199 , 121549 , 121551
107600 , 131319 , 74756 , 131321
109504 , 134982 , 134983
131810 , 131811 , 131809 , 131813 , 131736 , 82746 , 88477 , 131807 , 113791
115841 , 115846 , 115848 , 138431
99395 , 117507 , 99394 , 117508 , 117515 , 117514 , 117519 , 117518 , 94030 , 117072 , 117520 , 100883 , 94685
71168 , 136271
123730 , 91060 , 123727
80358 , 69738
130429 , 128941 , 130428 , 128942
138787 , 93235
104684 , 135533
136498 , 136486
126690 , 105340
91440 , 91436
118320 , 118275 , 118322
94232 , 96843
124850 , 82263 , 82264
124209 , 124220
97704 , 117962
90935 , 91254 , 82632
131974 , 131973 , 131948
103377 , 135637 , 82382 , 99070
80835 , 80964 , 80838 , 133466 , 93514
80869 , 79689 , 79693
131923 , 83755
96729 , 135337
84721 , 71515 , 87899 , 127194
130931 , 130946 , 130940 , 101406
92253 , 139820
131331 , 129056 , 103846 , 90376 , 105453 , 79120 , 79250 , 83956 , 120180 , 129044 , 129046 , 129049 , 129051 , 102266 , 129053 , 129052 , 89758 , 129054
133249 , 135434 , 135422
93024 , 130867
136520 , 136527
72985 , 118136
96358 , 136334 , 136335 , 136332 , 136333
135267 , 120915 , 136054 , 118373
96929 , 137208 , 137209
124233 , 124239
139584 , 139685 , 139765 , 115784 , 139656
78385 , 88181
100288 , 97170 , 118020 , 86423 , 118022 , 97212
136530 , 136529
128624 , 96165 , 124458 , 128623
137169 , 103132
70865 , 95714
132442 , 132444
133233 , 134967 , 134965 , 123912 , 106443
97734 , 100632 , 91103
120667 , 120666 , 89052 , 120668 , 73871 , 116815
86229 , 80367
101232 , 139102
137043 , 137040 , 83842 , 74514 , 137041 , 137044 , 137045 , 137033 , 91565 , 137039 , 137037
128452 , 120089
136206 , 136190 , 136189 , 102110
124273 , 124272
128373 , 128372
128435 , 120127
76354 , 139366 , 139336
75139 , 75126
116349 , 138749 , 116350
89238 , 126137 , 91288 , 126139 , 122618 , 126138 , 91295
120887 , 120889 , 118089 , 118088
122096 , 86297 , 122106
136834 , 134432 , 134433 , 134436 , 134437
114386 , 85047
124294 , 124296
104644 , 102990
128576 , 87248
71280 , 95396
92353 , 112208 , 124675 , 124677 , 124661 , 124676 , 124679 , 124681 , 124682 , 121226 , 74062
134752 , 113851
70902 , 94971 , 123694
134755 , 134753 , 134751
131538 , 131539 , 131537 , 82917 , 131540
138002 , 118803
136598 , 136596
131746 , 131744 , 131745 , 115533
137600 , 137601 , 137604 , 106155
112021 , 112042
97332 , 125097 , 91740
128417 , 128418
109255 , 109273 , 109256 , 109272
132519 , 132517
96443 , 94861
69778 , 80573
128801 , 131834 , 119097
83447 , 99673
112024 , 128446
70000 , 121322
121762 , 132420 , 132412 , 132413
87268 , 95862
136622 , 136621
138081 , 103586 , 138086
124785 , 71280 , 124787 , 124786 , 124788 , 71487
81507 , 81512 , 126636
124346 , 124349
124355 , 124343
78213 , 104613 , 74063
130995 , 103244 , 98767 , 128686
123856 , 123866 , 123855
132491 , 132589
123488 , 72866 , 76930
71521 , 96080 , 73049 , 80623 , 74894
130136 , 102186
91969 , 70176 , 70175
85112 , 126863 , 126847
139290 , 76653
133911 , 133924 , 136520
135554 , 135555 , 75899
98544 , 76711 , 113046 , 101306 , 113050
80901 , 82964 , 82969 , 75610
120261 , 120264
119943 , 136972
127797 , 127798 , 78313 , 127805
91300 , 124665
92241 , 74096 , 81315 , 125298 , 92245 , 70251
135905 , 135909 , 135912 , 135913
80260 , 127512
132515 , 106611 , 132512
120288 , 120279
103993 , 87421
119643 , 88154
75542 , 83102
131682 , 131666 , 131667 , 131664 , 131685
123877 , 123879 , 123878
89763 , 134922 , 134920 , 134921
125424 , 125427 , 82132 , 103479 , 118599 , 125415 , 70902 , 90300 , 125407 , 117246
116449 , 117397 , 98839 , 117559 , 117560 , 117562 , 117565 , 117566
136672 , 136667
132576 , 132581
124374 , 124395
91569 , 91408 , 106585 , 90284
122565 , 118011
133376 , 130627 , 133377 , 102533 , 133370 , 120507 , 100989 , 126684 , 133372 , 133373
100914 , 133594 , 109960 , 115309 , 92108
111124 , 137659
120273 , 120316
105137 , 123975 , 123977 , 123978 , 123982
133732 , 115055
124390 , 124396
76882 , 98175
132608 , 132573
118608 , 118633 , 118632 , 118637 , 118636 , 118639 , 118638
116610 , 122005 , 71607 , 73820 , 118702
78386 , 88495
77927 , 80767
107077 , 124109 , 124110
91633 , 91635
124539 , 91498
137331 , 111480
139776 , 139755 , 139774 , 139775 , 139772 , 139773
130307 , 134528 , 90482
71165 , 71164
132609 , 132599
123333 , 125497
92821 , 123246
117488 , 117523 , 117522 , 117486
125955 , 125442 , 125954 , 73226 , 125948
75442 , 75090
128519 , 128510
105968 , 137735 , 137737 , 137741
104979 , 76708 , 99928
135936 , 135943 , 135934 , 135935
103944 , 103947
136225 , 96239
133874 , 103589 , 106228 , 101338 , 95948 , 133868
122065 , 120931 , 120930 , 120933 , 124440
130102 , 135144
82864 , 135073 , 104654
129377 , 129370 , 129373
71204 , 121594 , 121596
120342 , 120333
133318 , 133319 , 109031 , 132266 , 133323 , 133339 , 133320 , 133324 , 133340
70965 , 71414
78369 , 114957 , 90767 , 104047
87197 , 137100
121654 , 123771 , 118141
134163 , 134161 , 73061 , 105860 , 76167 , 100310 , 99672 , 97979 , 86861 , 106637 , 126925
128537 , 128539
123217 , 70417 , 80720 , 123219 , 80358 , 123206
130433 , 93625 , 124073 , 89180
125872 , 91034 , 81135
95154 , 137355
95024 , 80147
132632 , 132653
125001 , 115705
70148 , 129597
89043 , 135278
85792 , 85571 , 85725
124453 , 124454
130475 , 102045
116265 , 116264
139475 , 87475 , 103715 , 103716 , 128310 , 82235 , 103706
128553 , 128558
136752 , 136748
84160 , 127443 , 127434
87379 , 126883 , 126898 , 126884 , 85849 , 88235
137398 , 137399 , 90681 , 137400
136754 , 136749
95798 , 95789
135697 , 135703 , 135701 , 135691 , 135688 , 135704
139935 , 76239
120353 , 139603 , 139601 , 103078 , 106766
82824 , 96027 , 86477
121843 , 94338
127493 , 105082
136766 , 136765
125517 , 125516 , 88046
132678 , 132679
132676 , 132681
121220 , 121252 , 121191
134948 , 135003 , 134985 , 135004 , 135005
107795 , 107207 , 107640 , 138732 , 139869
126307 , 106285
136773 , 136780
90600 , 92844
120419 , 120376
111015 , 108955 , 119131
79436 , 79438
88652 , 86607
90586 , 133823
136782 , 136781
134597 , 130781
113042 , 113037 , 113036
136793 , 136796
114342 , 113113 , 136248
137614 , 137615 , 137629
135984 , 135978 , 135982 , 135981
94947 , 132484 , 119901
73536 , 70024 , 72698
128272 , 101783 , 128271 , 128270
106781 , 134061
129601 , 129602 , 71749
87027 , 97955 , 88628
74512 , 128233 , 128216
120562 , 71140
99937 , 99958
120427 , 120426
128619 , 128618
130401 , 130402 , 119311
128627 , 128616
124183 , 133067
132723 , 132724
124530 , 124532
128635 , 128621
86349 , 80796
136819 , 136821
98962 , 117401 , 117400 , 117402 , 117405
131172 , 81993 , 85066
120168 , 120719
84721 , 127220 , 127243
118896 , 75619 , 118837 , 123334 , 127917 , 102044 , 118895 , 118894
128658 , 128615
136828 , 136829
84721 , 118625 , 118624 , 118626 , 118615 , 102203 , 95501 , 73820
118533 , 118532 , 118534
96320 , 70860
109097 , 110969 , 110970
136846 , 136847
91792 , 91785
125397 , 122838 , 125385 , 96184 , 124411 , 113647
103409 , 137517
132750 , 132749
126827 , 126842 , 126829 , 126828 , 126831
117027 , 117163 , 82650 , 117162 , 116858 , 94717 , 117165 , 117164
110419 , 110309 , 110332
91315 , 75902
101589 , 131163
123723 , 123725 , 123724 , 123726
128434 , 136566 , 139787
74657 , 120013 , 120014
120468 , 120491
99923 , 83689
123317 , 134024
119457 , 103771 , 119455 , 119454
100451 , 83170
136871 , 136872
132147 , 108832
132778 , 132779
128673 , 99169 , 81504 , 81494 , 128669
120490 , 120493
134338 , 82406 , 135482 , 83960 , 134088 , 88494
134530 , 134578 , 96112 , 101383 , 134538 , 116777 , 74427 , 134569 , 134542 , 134574 , 73676 , 134573
82309 , 84970
91394 , 75883
137450 , 137451 , 72607
128697 , 128696
119921 , 126107 , 126058
80720 , 76565 , 85269 , 127876 , 75383
81209 , 77883
120672 , 120341
81193 , 135247
139399 , 138071 , 139401 , 139406 , 97759 , 94735 , 139405
111651 , 88409
136894 , 136893
81568 , 93917
124609 , 124610
70417 , 125536 , 124672 , 119901 , 125535 , 125534
133302 , 133303 , 113684
118657 , 118659 , 118658 , 118661 , 118660
110216 , 106237
115841 , 115846 , 115848
131585 , 93928 , 72330 , 131609
100034 , 100038
117745 , 117744 , 117179 , 117743
124802 , 124804 , 106123
75476 , 75462
132838 , 132791
136912 , 136909
136918 , 136904
137695 , 137692 , 137693
107650 , 135926 , 128557
132826 , 132811
90385 , 125507 , 124005 , 125508 , 139063 , 139060 , 79366 , 139061
126865 , 126861 , 126845 , 126862 , 126846
74948 , 116969
138099 , 138100 , 71373
70327 , 113401
130384 , 91394 , 133850 , 79897 , 75883
137107 , 97936 , 137114
114338 , 102168
134178 , 134176 , 134180 , 81197 , 134175
136931 , 136932
132626 , 132630 , 74436 , 132635 , 71880
136930 , 136929
124647 , 124646
133682 , 90917 , 91844 , 91801 , 95007
113025 , 136277
124657 , 124644
102217 , 102216 , 102219
128134 , 100250 , 129247 , 129246
128749 , 128748
100082 , 100075
104038 , 101115 , 101498
136946 , 136947
89169 , 127636 , 81366 , 73819 , 123323 , 106269
71713 , 71113
118307 , 118280 , 111050
134993 , 134996 , 134991
129686 , 127835
139866 , 103229 , 120927
95161 , 129599
118451 , 118510 , 86110
120576 , 120575
114917 , 93465
124673 , 124674
136768 , 91669 , 72550 , 136778
102530 , 126820 , 126807 , 126825 , 126824
135108 , 98009 , 139116
118752 , 118339 , 118758
81284 , 119322 , 119340 , 126014
114175 , 86030
84552 , 82890
129541 , 129540 , 129550
112184 , 71644
132278 , 132276 , 132277
129185 , 129184 , 129186 , 84196 , 129188 , 129190 , 129197 , 129183 , 129198
112819 , 133815 , 133813
81305 , 69759
118922 , 81294
125829 , 125831 , 125830 , 125832
124576 , 77753 , 71627
103831 , 101481 , 136763 , 136684
128787 , 128788
124315 , 108686
123633 , 123667 , 92202
136273 , 129495
118514 , 81724
71189 , 79901
125617 , 70467 , 125619 , 125618 , 100617 , 125625 , 75551
96789 , 96790 , 96779
120595 , 120611
125194 , 124206
124564 , 124843
118049 , 121528 , 118123 , 118122 , 122495 , 118046
127840 , 127842 , 89319 , 87864 , 127839
136999 , 136997
118225 , 100822 , 118326 , 70541 , 105037 , 92734 , 86094
121366 , 121369 , 121370
130048 , 130098 , 121989 , 130406 , 130089
84721 , 88560 , 118562 , 95862 , 119768 , 95501 , 121597
109389 , 125917 , 109388 , 125918
83234 , 84271
94016 , 122646
132738 , 133072
100977 , 71141 , 101896
71655 , 71288
117888 , 82253 , 73820 , 73775
71217 , 129086
108416 , 108270
139875 , 139878 , 139876 , 139877 , 139880 , 139881
124711 , 124747
135195 , 106074
123185 , 95619 , 123189 , 125156 , 125575 , 125578 , 96412
132922 , 132921
81730 , 102200
124733 , 124734
133299 , 133312 , 133297 , 133300 , 133301 , 133306 , 133305 , 133311 , 133295
120639 , 120638
114178 , 92459 , 91982
85652 , 122863
113409 , 103301
71672 , 120460
136867 , 130467 , 130450 , 130469 , 136870 , 130452 , 130468 , 130471 , 135039
126762 , 130925
124746 , 124748
105606 , 94735
88745 , 95212
104528 , 75010 , 78153
114112 , 114100 , 70443
120656 , 120655
117577 , 120840 , 117578
137051 , 137035
74164 , 89224 , 69738
137785 , 137774 , 137788
76905 , 139835
74594 , 89979 , 117711
96085 , 96086
136401 , 81544 , 134107 , 135033
100129 , 83854
86177 , 73227
127734 , 129981
125204 , 132511
69889 , 87809 , 137491 , 82210 , 90439 , 90440 , 90442 , 73421 , 125133 , 82190
87858 , 110923 , 108095
135067 , 135064 , 135052
75620 , 75611
134182 , 123542
81616 , 110578
74262 , 108363 , 99679
124771 , 124772
107451 , 133903
120680 , 120683
91700 , 133276
112608 , 112375
126721 , 118280 , 111050
117137 , 117136 , 117138 , 109575 , 117111 , 117130 , 117133 , 117132
95251 , 114501 , 114503 , 114502 , 113902
111649 , 135746 , 135747 , 76463 , 79694 , 75952 , 71475 , 77682 , 135766 , 78677 , 135767 , 135764 , 135765 , 135770 , 135771 , 135768 , 135769 , 78780 , 135772 , 78911 , 135741 , 135773
116582 , 116600
120688 , 120690
106056 , 110750
137074 , 137072
97716 , 102711
92020 , 92022
81264 , 88144 , 86099 , 129458 , 91380 , 125620 , 129897 , 108713 , 129896
118074 , 131513
107193 , 76862
97969 , 118851
89465 , 90475 , 83003 , 83002 , 83004 , 99164
132018 , 132050 , 132051 , 132017
76228 , 132415
78157 , 97053 , 78156 , 78158
128768 , 97864 , 128554 , 99214
89921 , 77764
128901 , 128902
123841 , 123843 , 123845 , 123844
91851 , 125339 , 81583
122296 , 110942
133006 , 133007
120711 , 120728
137099 , 137101
119617 , 72668
72096 , 96834 , 122005 , 123942 , 96904
133010 , 133008
139232 , 85828
123696 , 123651 , 123698 , 80375 , 124377 , 83438
101792 , 131464
132310 , 100957
134786 , 87344 , 134465 , 81469
133011 , 133036
139555 , 134677
134860 , 131181
133778 , 135024 , 133540 , 133541 , 115179
120741 , 120732
126640 , 126610 , 124951 , 128249 , 128248
130439 , 95416 , 130440 , 89982
128931 , 128930
80485 , 80487 , 80511
76960 , 92395 , 98699 , 129201 , 115056 , 129200 , 77779 , 72183 , 129211 , 129210 , 129213 , 129212 , 129214
119730 , 118507 , 118509 , 118493 , 118494
119285 , 119287 , 119286 , 86441 , 119289 , 119288 , 119290 , 119245
128937 , 128938
91331 , 130515 , 110882 , 130514 , 130511
127425 , 138639
126917 , 126916 , 126919
137128 , 137129
128941 , 128942
127889 , 127888 , 75444 , 127911 , 127913 , 127912 , 77786 , 71342
85962 , 85965 , 85964
118731 , 118733 , 118732
137143 , 137135
108466 , 108463
128951 , 128952
128663 , 121048
104324 , 104425
124289 , 94243 , 123219 , 112443 , 87788 , 83164 , 124286
130401 , 119311
126929 , 126928 , 126933
127444 , 127447 , 128807 , 127446 , 127449 , 115369 , 128809 , 128808
124859 , 124860
124297 , 124280 , 124408 , 120492 , 124284 , 123486
89154 , 119608
120896 , 124627 , 120884 , 120893
88289 , 117584 , 117586
110192 , 131348
132394 , 132395 , 132396
128960 , 128968
120775 , 120776
137175 , 137150
114329 , 110843
88241 , 126163 , 126162 , 126149 , 126151 , 126150 , 126153 , 126154 , 73053
89169 , 118496 , 118453 , 70902 , 73819 , 73820
124211 , 107826 , 124212
120804 , 120767
123906 , 98344 , 123688 , 123885 , 91244
138208 , 138209 , 138231 , 138228
84679 , 107751
81712 , 79200 , 88946 , 70890 , 79199 , 79198
109314 , 137611 , 79837 , 137630 , 137631
73845 , 77623
124400 , 94279 , 97706 , 77181 , 122220 , 94446
137874 , 137872 , 137873
133107 , 133066
120803 , 120790
105249 , 129611 , 129612
117761 , 99263
127185 , 127187 , 127188 , 112183 , 112182 , 127192 , 73741
137191 , 137192
124902 , 124904
121498 , 121500 , 121502
125938 , 125940 , 125942 , 125945
120809 , 120814
75793 , 91171 , 91174 , 73820 , 81692
125984 , 123835
123899 , 123882 , 123898 , 123902
133733 , 107898
111072 , 138750
95492 , 129753
130327 , 130328 , 97818 , 130330 , 87340 , 99679
108395 , 108668
137200 , 137201
117670 , 123967
90994 , 93304
137779 , 128442
135300 , 98175
133191 , 133054
73820 , 118702
79362 , 121352
136865 , 137588
72277 , 95678
81216 , 127696
128264 , 129800
124912 , 124965
80955 , 127966
102371 , 98358
70691 , 121625 , 121624 , 69946 , 121626 , 72045
119283 , 89643
129712 , 129723 , 129722
126435 , 126434 , 108309 , 126436 , 89963
105924 , 70237
120018 , 105305
84241 , 83735
120855 , 120856
125842 , 107677
111653 , 111193 , 92587
94305 , 139211
128197 , 121709
115467 , 109868
129063 , 129048
136386 , 134007 , 107273 , 133994 , 134010 , 134011 , 134491 , 134008 , 134009 , 134494 , 134495 , 134012
87809 , 82210 , 90439 , 90440 , 90442 , 89578 , 82188 , 82207 , 82190 , 86830
80326 , 118134 , 118187 , 118188 , 118190
84785 , 103715 , 87475 , 103716 , 76996 , 76998 , 128310 , 82235 , 103706
125923 , 125922 , 125925 , 125924 , 95320 , 90236 , 125919
120871 , 120874
129345 , 112399
110834 , 130986 , 131005
86489 , 122510
137925 , 137934 , 137935
82203 , 73546 , 86015
123937 , 123923 , 123940 , 123924
83376 , 118704 , 80655
129077 , 129080
99216 , 117987
127029 , 90173
127012 , 127014 , 127016
95656 , 113356
89091 , 128119
133163 , 133198
91201 , 96788 , 125031 , 125033 , 96792 , 108363
135794 , 122384
137281 , 137286
121987 , 117269 , 127354 , 109343 , 109918
85155 , 84869 , 96550 , 91211 , 82058 , 84271 , 81198 , 125526 , 125528 , 73660 , 71260 , 94940 , 85151 , 76382 , 89982
106052 , 111179
92101 , 109769 , 121852
133201 , 133188
75251 , 126199 , 126200 , 126203 , 107453
86839 , 89439
124111 , 125902
134613 , 134616 , 104525 , 72863
101989 , 131639
124948 , 125071
125009 , 125008
112134 , 129690
131246 , 69629
123320 , 77115 , 123323
119921 , 72764
129057 , 129059 , 129058 , 129060 , 129047 , 129050
138722 , 105077 , 138725 , 105083
83860 , 126871 , 104841
129473 , 129472 , 97583
91859 , 91876 , 82682
138882 , 85155 , 138893 , 81198 , 76382 , 89982
120923 , 120922
121825 , 121072 , 121826
122116 , 82892 , 126958
76359 , 107446 , 139965
127076 , 106589
104969 , 128699
125037 , 125021
136354 , 136352 , 111337 , 136351
114608 , 71700 , 71318 , 83606 , 83597 , 79181
118884 , 118841 , 118842
137724 , 136925
114519 , 86406
127412 , 72630 , 127414 , 127416
72610 , 106770 , 129703 , 129702 , 129704 , 91199
127795 , 118489 , 118491
81873 , 127247
74040 , 127564 , 73054
99829 , 92918
87571 , 131440 , 131665 , 131684 , 131691 , 131662 , 131663 , 131439 , 134220
124018 , 93309
110643 , 117202 , 118056 , 117182
123840 , 121544 , 121995 , 122043 , 121994 , 121997 , 122044 , 119215 , 119214
127482 , 129900 , 107406
86976 , 124070 , 124111 , 86975
137334 , 137338
118865 , 118864 , 118863
139846 , 139845 , 139834 , 75229 , 139805 , 139837
125521 , 125538 , 80970
133243 , 133245
84096 , 84095
95140 , 113722 , 131214 , 131213
134022 , 134023 , 96759
100483 , 100484
137346 , 137345
136263 , 136254 , 136255 , 136253
138481 , 138497 , 138500 , 138501 , 138505
129157 , 129159
131281 , 102473
115344 , 126606
72290 , 120509
124957 , 100607
120864 , 88323
87012 , 138556
97459 , 119924
125072 , 125078
137946 , 136782
101873 , 80791 , 91814 , 131480 , 73578
130033 , 130036 , 129368
72354 , 104092
106804 , 110602
104889 , 138062 , 80956
125091 , 125093
75315 , 84762
133289 , 133292
139622 , 139652 , 118376
120737 , 96693
118507 , 118509 , 118493 , 71116 , 118494
134963 , 110455 , 80874 , 134846 , 134958 , 71901
123250 , 135145
97521 , 89273 , 69688 , 83835
137392 , 137391
77124 , 82971
92592 , 83898
89457 , 128357 , 128359 , 128365 , 128366 , 89678
104323 , 139913 , 104285
124016 , 123984 , 123987 , 123990
133343 , 133260
125113 , 125114
110903 , 139322
133298 , 133313
90401 , 127070
135299 , 135297 , 135287
131189 , 102669
125123 , 125122
121029 , 121030
129218 , 129222
129376 , 104495
121031 , 121032
129831 , 129833 , 129849
121362 , 96122
88961 , 89030 , 121421
124528 , 127474 , 100756 , 119597 , 127469 , 101007
117233 , 117232 , 117219 , 117228 , 117230
137428 , 137418
122881 , 94612 , 122884
135760 , 135526 , 135589 , 130125
130370 , 87135
76547 , 76537 , 76539 , 118954
69843 , 93995 , 70060
128371 , 88339 , 72738 , 77898 , 104124
124689 , 124688 , 124690 , 122185 , 121819 , 124685 , 124701 , 124687 , 124703 , 124686
102116 , 82633
133329 , 133338
134738 , 134739 , 133905 , 134742 , 80794
89120 , 136950 , 136942 , 129485 , 136957 , 136941
120018 , 105305 , 131467
119543 , 138942
92609 , 92608 , 92610 , 119931
137438 , 137439
125378 , 124925
75729 , 109038
74580 , 110184
131104 , 102819
85379 , 123965
105794 , 136325
114577 , 135763 , 135761 , 135751 , 135748 , 103946 , 135774 , 114844
122739 , 111196
125168 , 125151
113479 , 113478 , 113480
137446 , 137455
139093 , 127611
77359 , 74670
124401 , 124419 , 124402
130411 , 103548
124938 , 92636
88613 , 73636 , 84548 , 70889 , 85608 , 76428
87527 , 113670
137463 , 137470
132627 , 101013 , 132629 , 74776 , 79644
87618 , 122340 , 122343 , 122344 , 115771 , 105933
77261 , 132142
129297 , 129258
82450 , 110570
133378 , 133379
125143 , 125225
128131 , 128133 , 128132 , 128118
117699 , 126596 , 119047 , 80651 , 126603 , 126602 , 126620
129292 , 129279
138370 , 138371 , 138359 , 138372
139155 , 103029
121093 , 121100
128455 , 130121
130241 , 130240 , 130244 , 106268 , 130236
86369 , 83312 , 80710
121097 , 121099
118612 , 123591
121110 , 121096
125199 , 125198
120557 , 88879
127689 , 106333
104397 , 96861
78896 , 82981 , 128724 , 78919 , 95591 , 128727 , 95574 , 128729 , 102312 , 86667 , 78894
117897 , 117912 , 117898 , 117900
76035 , 76079
131168 , 86482
102965 , 122879 , 122878
121117 , 121118
121952 , 121955 , 121954 , 121956 , 121958 , 121961 , 116696
127168 , 127163 , 127165
120861 , 80415
94473 , 123194
112924 , 112928 , 112938 , 136873 , 136745 , 112941 , 118573 , 118572 , 112943 , 118575 , 118574 , 136755 , 112958 , 112960 , 112963 , 112965 , 112964 , 112966 , 112969 , 112971 , 112970 , 118602 , 112973 , 112975 , 112974 , 112981 , 112980 , 112983 , 112985 , 112984 , 136923 , 112986 , 112989 , 112988 , 112991 , 112990 , 112992 , 112995 , 112994 , 112997 , 112996 , 112998 , 113001 , 113003 , 113002 , 113005 , 113004 , 111855 , 111854 , 111859 , 111858 , 112509 , 118653 , 118652
137506 , 137504
117029 , 117030
125223 , 125222
117032 , 117034
121129 , 121128
121717 , 121711 , 121710
120674 , 126853 , 120644 , 120678 , 124281 , 120648
86049 , 75488 , 81192 , 133646 , 133644 , 133645
130191 , 130207 , 130190 , 130206
125231 , 125230
137522 , 137523
84625 , 76323 , 78710 , 84534
71257 , 80907
124436 , 124461 , 124460
129333 , 129335
96578 , 96569
137536 , 137535
121253 , 121047
118256 , 99219 , 118195 , 118249 , 118251 , 118253 , 118252 , 118254 , 118206
135392 , 135368 , 135388
114355 , 70932 , 114361
123281 , 123299 , 123285 , 93625
129349 , 129350
125249 , 125258
113263 , 112670
133891 , 83587 , 133894 , 133886 , 133885
133450 , 133451
127403 , 127418 , 127402 , 127404 , 76767
125248 , 125271
78256 , 139499
106720 , 86458
75347 , 85064
121165 , 121164
80994 , 80959 , 88574
133452 , 133453
125288 , 125243
121171 , 121172
129360 , 129365
91338 , 110042
133463 , 133464
133460 , 133461
137563 , 137564
132354 , 132355 , 132352 , 132353 , 132375 , 132372 , 132378 , 132379 , 132382 , 132380
72627 , 72535 , 72621
137557 , 137566
129366 , 129374
129376 , 129371
133268 , 133274 , 133275 , 133273 , 127054
133459 , 133478
121009 , 96784
121713 , 121747 , 121794
105185 , 84545 , 119749 , 102061 , 84782
132566 , 134381
112068 , 113926
117095 , 117096
130260 , 86584 , 107452
103589 , 87733 , 129321 , 129305 , 129320 , 96954 , 103258 , 101338 , 129309 , 95948 , 129311 , 129310
133479 , 133476
74227 , 124217 , 128202 , 128734
103619 , 97811
122243 , 89156 , 98488 , 79771 , 79850 , 89469 , 133980
125489 , 125488 , 125483 , 125487 , 125486
135600 , 135601 , 90455 , 76582 , 99084
125289 , 125309
119832 , 73421
89057 , 87812
89301 , 89300 , 89224 , 89276
79568 , 121881
75669 , 76580 , 117463 , 128283 , 128282 , 92958
90768 , 127189 , 88484 , 88116 , 118711 , 127191 , 88503 , 88504 , 88493
117107 , 117109
74033 , 135607
120976 , 113247
104453 , 129768
137576 , 137612
103089 , 122903 , 122924
125307 , 125306
133498 , 133497
127543 , 123082
99184 , 102203 , 73820
122561 , 119882
129223 , 96839
123057 , 123024 , 110872 , 123055
119315 , 123134
75153 , 85379
127526 , 90350
125979 , 132857
101643 , 91663
117131 , 117135
71280 , 97881 , 97883
71257 , 124536 , 71260
133562 , 133487
117187 , 117097
129929 , 71594
121241 , 121240
79333 , 138572
76996 , 75383
92755 , 136167 , 86262 , 127001 , 136169
125351 , 125356
94566 , 131567
138227 , 138212 , 90010 , 138221
122146 , 122132 , 80905 , 122152
135594 , 74059 , 131180
88945 , 77297 , 117247
129990 , 129996 , 129998
87169 , 89970 , 89966
137377 , 113354
137654 , 137655
104691 , 126274 , 126265
129455 , 129471
104930 , 129420
115699 , 118651
132314 , 132315 , 132312 , 132313
96696 , 96698
97763 , 95630
120633 , 91400 , 120635
134236 , 108318
84388 , 84441
82198 , 70252
70902 , 71257 , 119901 , 119900 , 89982
129825 , 96357
133573 , 133564
130005 , 130007 , 130006
129478 , 129470
87448 , 102444 , 101823
119411 , 119461 , 102203 , 73820 , 73439
133577 , 133581
76247 , 76223
99656 , 101967
84427 , 84428
129485 , 129484
134531 , 136579 , 134544 , 134532 , 136572
139503 , 111279
137678 , 137677
125394 , 125386
114711 , 111497
122647 , 119950
69730 , 90946
98246 , 132232 , 135007
131856 , 69794
96726 , 96731
69744 , 108371 , 97268
131041 , 70647 , 131035
119897 , 82056 , 119901 , 119900 , 73660 , 71260
126192 , 126189 , 126191 , 126190
98595 , 108611 , 131798 , 108423
135490 , 135488 , 135489
121313 , 121316
133610 , 133592
118977 , 118978 , 118981 , 118965 , 118982
121398 , 96662
107091 , 121271 , 121270 , 117417 , 121273 , 121274
117252 , 117207
135498 , 135499 , 135497
125419 , 125421
100744 , 100954
129521 , 129525
129461 , 129460 , 129446 , 129465 , 129464 , 129450 , 129466
133632 , 133613
108001 , 132145 , 83381 , 132136
117239 , 117240
105923 , 95785
94202 , 115709
117250 , 117245
131300 , 111144 , 131309
132774 , 132773 , 132782
119728 , 119730 , 118507 , 118493 , 118494
132358 , 132356 , 132357 , 132351
137754 , 137705
80437 , 121295
137730 , 137747
125453 , 125454
117263 , 117262
98962 , 109255 , 109273 , 134875 , 109256 , 109272 , 117402 , 117405 , 130413 , 139902 , 131645
117267 , 117266
125457 , 125460
71280 , 83558 , 96078
125461 , 125462
127843 , 127829 , 127844 , 127831 , 127830 , 127837
109063 , 109098
78240 , 125847 , 125798 , 125848
77973 , 128311 , 76089 , 122217 , 97451 , 76573
127334 , 127339 , 127338
113012 , 113352
124929 , 124931 , 124930 , 121919
129571 , 129565
95184 , 137793 , 137765 , 137802 , 137770 , 137803 , 137787 , 137768 , 137801 , 137790 , 137791 , 137789
72809 , 96222
85557 , 85830 , 86966 , 85833 , 90075 , 78829
124571 , 93610
84512 , 84522
127345 , 127344 , 127342
132810 , 132795 , 132808
125479 , 125480
122005 , 71607
73822 , 70638
94835 , 120452 , 74164 , 84390
137538 , 137570 , 137574 , 137579 , 93898 , 98335
125482 , 125484
100443 , 134137
72928 , 112504
74822 , 117307 , 117309 , 116508 , 117311 , 117310
70098 , 123204 , 123215
124616 , 124618 , 124622
133684 , 133688
80851 , 120983
82244 , 103204
137782 , 137784
130887 , 120102
89322 , 71565
137783 , 137786
127892 , 127894 , 122166 , 118811
120128 , 100858 , 120126
113147 , 130605 , 130607 , 130606
83889 , 83458 , 83666
135335 , 99293
137425 , 137414 , 90872
133910 , 133912 , 114268
83750 , 77164
117409 , 117408 , 117376 , 117414 , 117302
125515 , 125518
133703 , 133716
137603 , 82370 , 137607 , 81883
133719 , 133720
88661 , 88660
136510 , 139117
117139 , 84761
137814 , 137813
75435 , 134664
130181 , 120876
90451 , 119122 , 81735 , 119145 , 119144
129409 , 129408 , 129385 , 92651 , 129386 , 129363 , 129364 , 129399 , 129367 , 129400 , 129405 , 129404 , 129407 , 129406
138720 , 138726 , 129268
92391 , 93148
127625 , 127993 , 119101 , 128511 , 100111
97553 , 107155 , 103708
124649 , 124650 , 124653
126696 , 123805 , 123454
105623 , 69839 , 83807
83585 , 101962
102193 , 103715 , 114212 , 138071 , 138072 , 80794
130548 , 128439 , 128438 , 128440 , 128428
128854 , 128856 , 128859 , 128861 , 128862
121446 , 121448
133798 , 80871 , 87641 , 90504 , 87642
133394 , 134082
74576 , 96539 , 69738 , 116735
94617 , 82749
114711 , 119997
93424 , 124911
121457 , 121458
133749 , 133743
137843 , 137844
137841 , 137839
118051 , 92098
138326 , 138314 , 138316
124323 , 76205 , 124319
133751 , 133752
119367 , 107174
121422 , 105118
130128 , 130130 , 130133
89877 , 79327
125587 , 125543
116128 , 75714 , 121154 , 118360
75383 , 119848 , 72284
104135 , 138812
121472 , 121474
137095 , 114041
125569 , 87268 , 82056 , 125579 , 125580
112146 , 130811
136962 , 106000
88097 , 89735 , 89711
71280 , 121257 , 93610 , 96078
95434 , 98381
129458 , 132033 , 118103 , 129447 , 110751
73361 , 82708 , 74140 , 86492
117387 , 117390
76672 , 100767
117117 , 120268 , 120271
120497 , 97899
101650 , 75787
129683 , 129684
81509 , 135285 , 101179 , 101053 , 135261
118992 , 85269 , 94132 , 76474 , 81116
117396 , 117398
76331 , 125694
129217 , 82851 , 129227
133252 , 126127
137888 , 137877
133784 , 133785
83730 , 83733 , 83726
117428 , 117382
123511 , 119494
90451 , 119122 , 121940 , 123716 , 119145 , 119144 , 118906 , 77261 , 115164
138250 , 138249 , 138252 , 124190 , 138253
102711 , 82956
98498 , 119934
108115 , 122983 , 122982 , 122984 , 109915 , 122986
84385 , 71915 , 70335
121509 , 121510
136470 , 109368 , 136446
95969 , 71411 , 94344 , 71405
97010 , 79749 , 135668 , 135669 , 89848
133907 , 133905 , 128037 , 133908
83508 , 129993 , 129995 , 129994 , 129997
125613 , 125615
82946 , 81285 , 73257 , 81146 , 73263 , 72334
117204 , 117646
101747 , 133102
129717 , 129716
123345 , 123344 , 123347 , 123346 , 123348 , 76410 , 123340
117712 , 70203 , 117615 , 117742
125626 , 125628
129667 , 129781
126054 , 125209
117439 , 117438
120069 , 120964 , 102663 , 75302 , 120939 , 120938
86789 , 126212 , 128379
88816 , 117047 , 100839 , 104793 , 117048 , 117051 , 117050 , 117053 , 117052
117441 , 117445
88977 , 96758
137111 , 85688 , 137112 , 137113
81042 , 96503
77669 , 124455
85142 , 108795
72071 , 72717
138283 , 85114 , 94397 , 138287
117453 , 117454
128064 , 81909 , 79259 , 76751
100865 , 126980 , 134471 , 102424 , 134472 , 130074 , 131902 , 127661 , 93775 , 127118
119063 , 119064 , 78698
128701 , 75820 , 128702
115877 , 127228
100153 , 100155 , 100143
133861 , 133832
110857 , 91295
135651 , 135660 , 135644
98631 , 95340
137953 , 137950
87511 , 131048
80593 , 80621
128897 , 128896 , 128923 , 128922 , 128895
128941 , 130575
137954 , 137955
81317 , 120863
133664 , 133665 , 90281 , 87736 , 133663
101826 , 83981
137958 , 137957
79747 , 126133 , 83414 , 125883
117479 , 117485
137171 , 108087 , 137173
131648 , 77203 , 131642 , 131643 , 131640 , 131641 , 79450 , 131646 , 131647 , 131644
84628 , 84809
130354 , 130343 , 129933
125786 , 125581
129785 , 129773
121586 , 121588
122016 , 122023 , 122022
128497 , 76383 , 128415
125027 , 126341
121587 , 121589
89385 , 124216 , 118330 , 124237
94736 , 109575 , 86231 , 97767 , 97766 , 128280 , 128250 , 97757 , 94735 , 87407 , 97759 , 97758
118867 , 86370 , 118866 , 82935
118721 , 118725 , 91880 , 118671
104400 , 138798
80907 , 77261 , 126095 , 70686 , 84862
120992 , 89444
137988 , 137992
125540 , 117670
124761 , 124763 , 124762
121573 , 121641
129189 , 134404 , 134405 , 129256 , 129194 , 129263 , 129262
111226 , 69916 , 111230
124369 , 124371 , 124370 , 124345 , 77243 , 124347 , 124348 , 124350
74202 , 78910
93219 , 102402 , 131243 , 90120 , 121148
99104 , 99106 , 77782
131956 , 94890
78613 , 74507
138006 , 138007
133930 , 133899
132775 , 102287
130119 , 72175
138014 , 138015
88421 , 130265
133911 , 133924
139042 , 71457
125441 , 117825
91315 , 77351 , 90983
129089 , 122376
81795 , 85171 , 82018 , 134219 , 80091 , 80093 , 86988 , 79839
138022 , 138021
137610 , 113865
138030 , 138031
80457 , 131531 , 80458
117527 , 117576
125250 , 125255 , 125254 , 125257 , 125245 , 125246 , 122558
96561 , 89388
119633 , 78433 , 119657 , 119631 , 84462
133914 , 133965
132971 , 133016 , 132969
105271 , 105272
122453 , 117769 , 117773
112819 , 130490
78701 , 74495
112424 , 139081
117561 , 117563
117590 , 117534
139090 , 96034
117148 , 126175
72512 , 72510
111936 , 135326 , 135325
124797 , 124799 , 124798
111523 , 131450 , 131421
129860 , 129855
113241 , 113704
138048 , 138049
109558 , 125582
82672 , 84484 , 102022 , 82712 , 79868
104508 , 130639
84805 , 84810
133278 , 133279 , 122031 , 133277
118997 , 75197
138059 , 138060
122080 , 122079 , 122078
115841 , 115840 , 115843 , 115846 , 115848
84726 , 134057
122609 , 104373
120578 , 139172
117585 , 117588
108432 , 108420 , 108431
101213 , 101198
121681 , 121745 , 121683 , 121682 , 121741 , 121693 , 121692 , 121743 , 121694
134576 , 134561 , 134564 , 134575
129027 , 99111 , 86199 , 134730 , 134731 , 134728
133989 , 133977
136370 , 85331 , 136374
133986 , 133987
138088 , 138078
125780 , 125805
90386 , 87476
86290 , 83385
77075 , 72469 , 86084 , 128055 , 89254 , 128056 , 128059 , 83211
98352 , 87705
129893 , 129898
85543 , 133290
121841 , 72416
88931 , 88942
84275 , 84277 , 126165 , 84276 , 113414 , 126166 , 126169 , 126168 , 126170
120642 , 126924 , 126926
126882 , 91960
124156 , 127454
85155 , 101747 , 90954 , 84271 , 76382 , 84286 , 81198 , 89982
134003 , 134001
119370 , 119373 , 119372
89163 , 118091 , 118093
124883 , 124792 , 75679
124856 , 85818
97200 , 120746 , 120749 , 109548
129911 , 129919
90599 , 136462
138106 , 138105
123027 , 136808
85748 , 83972
128173 , 123471
96177 , 91008 , 126051 , 97477 , 126053 , 85956 , 72685 , 100991 , 94238
127649 , 127648 , 122658 , 127647
117648 , 117622
138114 , 138113
138119 , 138120
83765 , 135130
104840 , 114058
123233 , 123240 , 95309
129931 , 129932
131491 , 131393 , 131398 , 95847 , 131444 , 131482 , 73304 , 131483 , 131433 , 85036 , 84959
75080 , 78285
138127 , 138125
111856 , 111860 , 111864 , 125981 , 125980
127682 , 91240
125843 , 125845
136802 , 136803 , 136800 , 136801 , 136806 , 136804 , 136805 , 71366 , 136799 , 112364 , 136797
138135 , 138140
108170 , 102570
117661 , 117660
117664 , 117663
89008 , 88974
114560 , 112575
74288 , 70935
129955 , 129957
127796 , 123928
91700 , 86297
108724 , 126621
138150 , 138154
128242 , 95606 , 124713 , 124712 , 77290 , 94394
113945 , 113949 , 113948
111460 , 75383 , 84390 , 70622
113205 , 113204 , 113208 , 113197 , 113196 , 113199 , 113198
134342 , 135238 , 134521 , 134351
125440 , 126302
88577 , 122980 , 89238 , 122974
85575 , 84246
125553 , 89585 , 123520 , 90617 , 125583
120934 , 122634
91308 , 119503
126323 , 136447 , 136460
115923 , 127654
77734 , 108504
125117 , 69773 , 80047 , 99711
125887 , 125886
119536 , 119641 , 91787 , 91786 , 123948
134080 , 134087
130354 , 130343 , 130344
133922 , 133920 , 133921 , 133902 , 133917
90368 , 101362 , 73685 , 103333 , 106326 , 104383
100772 , 103956 , 128983
106149 , 106150 , 113213
85922 , 126290 , 126278 , 126287
132854 , 102550
134090 , 134092
126210 , 125593
106589 , 112444
131654 , 110197 , 131653 , 131659 , 131656
104689 , 106151
86231 , 124615
100003 , 135417
123681 , 111945 , 70731 , 89243 , 77405
124641 , 86221
117713 , 117724
130000 , 130022
92821 , 126239
137905 , 130315
86275 , 117378 , 102852 , 117366
97297 , 98691 , 96811
121824 , 121823
135826 , 135824 , 135831
83139 , 127749
122816 , 96264
114549 , 88154
126119 , 76582
89065 , 89066
129313 , 130905 , 130906
130019 , 130030
130017 , 130031
117763 , 117709
121456 , 138596
84499 , 93639
130375 , 130377 , 130376
76177 , 85217 , 91315 , 71986 , 85207 , 126504 , 75902
121973 , 77399 , 77974 , 121974
75686 , 137240 , 137244
127411 , 124462
133938 , 133939 , 133927 , 133934 , 133935
116465 , 135414
132536 , 111150
112709 , 118742 , 118728
117748 , 117750
135842 , 135843 , 135847
137507 , 137510 , 137509 , 126095
125956 , 125943
82132 , 128536 , 73996
138754 , 138753 , 138744 , 138745
78817 , 93802 , 128429
84964 , 126775 , 126774 , 93610
133621 , 101900
125377 , 99015 , 84856
122155 , 137948
112979 , 114364
83810 , 129909 , 129917 , 129916 , 81487
109560 , 128536 , 128527
132405 , 70378
108962 , 110203
83278 , 127694
80032 , 80027 , 132841
100467 , 127063 , 122716
101201 , 89877 , 118215
101138 , 77081
97305 , 97295
80116 , 98107
123045 , 71565
136176 , 83218 , 136168 , 93004
135890 , 135811 , 135900
112183 , 101590 , 131352 , 87066
123525 , 123495 , 118313 , 123535 , 123534
120664 , 82155
91394 , 133850 , 75883
100710 , 120687 , 120686
70562 , 69727 , 70734
130087 , 130086
130263 , 97148
138288 , 138277
117801 , 117800
84417 , 85653
119682 , 83156
131320 , 87901
134580 , 133797
71257 , 117672 , 71260
121903 , 121902
133954 , 133955 , 133971 , 133962 , 133961
137977 , 138605
124070 , 86975
71760 , 81941
93062 , 72089 , 119629
109900 , 133916
130620 , 73007 , 97534
85047 , 85046
125556 , 82966 , 125563 , 125562 , 125564 , 125567
123169 , 123154 , 115205 , 84407 , 84621
121911 , 121919
120531 , 108567 , 72093
89648 , 119369 , 92169
107740 , 136111
127363 , 119637 , 124404 , 118183 , 117798 , 118182 , 118184 , 117851 , 117852
101137 , 132796 , 132797
130116 , 130125
119938 , 118516 , 120093
121883 , 121884 , 73820
98320 , 75251 , 71193 , 69738 , 77258 , 73295
135552 , 135527 , 82999 , 135549
134688 , 134694 , 134695 , 134698
130443 , 130474 , 130414
85320 , 109418
134442 , 134426 , 134443 , 134427 , 134441 , 128765
134500 , 97752 , 134536
75793 , 92613 , 127781 , 127780 , 109956 , 127782
74993 , 70613
121953 , 121957
101476 , 101479
121959 , 121960
84097 , 135243
134250 , 134252
82183 , 90375 , 128714
138347 , 138349
121968 , 121966
117216 , 118531
121971 , 121976
78641 , 91697 , 98082 , 132214 , 75749 , 101354 , 92188
138361 , 138364
138743 , 97017
134265 , 134270
83074 , 84424 , 84652
119856 , 119842 , 119845 , 119844 , 119850 , 119852
138363 , 138367
135939 , 135930 , 135931
121985 , 121984
127153 , 120748 , 127151
82849 , 117173 , 117271 , 117174 , 117273 , 99243 , 117274
138385 , 138365
75383 , 119003 , 119004 , 119007
128259 , 77570 , 128260
97410 , 81037
138282 , 138463
91817 , 86632
117921 , 117878
139675 , 104315
135728 , 135719 , 136392
108610 , 118999
124576 , 77753 , 71627 , 117498
139762 , 74992 , 77971 , 87891 , 80133 , 74517 , 74742 , 77848 , 100952 , 139788 , 80318 , 78878
122001 , 121999
87450 , 91020
122003 , 122002
75611 , 135629
133222 , 133221 , 133225
122048 , 94842 , 122076 , 77086
126113 , 126100
117916 , 117919
128690 , 90758
107978 , 127854
138386 , 138406
122085 , 72798
117094 , 126940
130217 , 130200
134315 , 134300
108161 , 117089 , 117090 , 85941 , 91076 , 111816 , 117035 , 117037 , 117085 , 117084 , 117087 , 117086
91895 , 91894 , 101963 , 72989
126123 , 126122
91281 , 123767 , 123766 , 123769 , 123754 , 123770 , 123772
93250 , 120018 , 117797 , 117796
88480 , 122843 , 109372 , 123135 , 95134
72073 , 131032
93361 , 93360
124579 , 124581 , 124580 , 124935 , 124582 , 124937 , 124589 , 124956
95347 , 99571
122038 , 122030
107683 , 128198
130233 , 130232
117921 , 117920 , 117922 , 117878 , 117915 , 111964 , 117916 , 117919 , 109550
129251 , 136503 , 133172 , 107782 , 133790 , 127277 , 127276 , 127278
133975 , 133789 , 131965
134322 , 134337
90945 , 96003 , 77394 , 134712 , 83164 , 97759
119553 , 119552 , 73861 , 119551
119074 , 133214
122051 , 122050
122052 , 122055
126513 , 126499 , 119481 , 126507 , 126509 , 126492
105328 , 106018
134504 , 134191
130251 , 130252
138440 , 138441
118369 , 118371 , 118370 , 118379
85155 , 84869 , 91211 , 82058 , 73660 , 71260 , 94940 , 85151 , 76382 , 81198 , 89982
107607 , 133241 , 107599 , 133244
133887 , 102047
104609 , 104608 , 136070 , 136058 , 108746 , 104606
103409 , 103410 , 135749 , 135736 , 134477
138704 , 105959 , 105961
96568 , 138232 , 90298 , 92106 , 138233
127824 , 77088 , 96562
105685 , 105686
130268 , 130255
122096 , 122099 , 122070 , 122106 , 116206
126155 , 126173
134067 , 79056 , 100928 , 85874 , 134055 , 100378 , 134063
132530 , 78847
89875 , 129698
96962 , 98040
83172 , 117300 , 117415
71280 , 97883 , 99565
83572 , 78670
82377 , 120301 , 82447
98023 , 81260 , 81262
123457 , 96133
122087 , 122088
117993 , 117992
134376 , 134377
93426 , 93416
100561 , 95056 , 138685
133287 , 133285 , 133262
130544 , 130549 , 130550
134387 , 134385
95207 , 91643
136074 , 116312
87090 , 116148
107451 , 133913 , 133903
138475 , 138488
103892 , 71321 , 103897 , 106251 , 103898 , 73741 , 73743 , 103903 , 93374
72370 , 89912
110679 , 133530
116017 , 116016 , 116019 , 116021 , 116020
130553 , 130557 , 130556
100517 , 100523 , 100524
130301 , 130302
129924 , 129926 , 107247
134398 , 134396
135523 , 135536 , 135537 , 135542 , 135525 , 135541 , 135544
76256 , 78819 , 89842 , 106322 , 84953 , 126808 , 85547 , 79020
128756 , 82711
111685 , 91588
89473 , 86528 , 86740 , 71610
99728 , 119653 , 90394
126065 , 126039 , 70902 , 126038
125523 , 124265 , 125532
121937 , 91345 , 121979 , 90154 , 121935
117635 , 71637 , 79561
122133 , 122134
126231 , 126232
123555 , 127481 , 91532
134420 , 134421
92579 , 102537
105729 , 105771
121026 , 121010 , 121012 , 121015 , 71513
121969 , 99091 , 121975 , 121943 , 92425 , 121977 , 121962
117243 , 117180 , 94302 , 95774
126233 , 126237
125600 , 125603 , 125602 , 102436 , 98886 , 77128 , 91595 , 125585 , 125588 , 125591 , 125592 , 125597 , 125596 , 125599 , 125598
125621 , 125622 , 125609 , 125611 , 125631 , 124095
139231 , 80476
138526 , 138527
137347 , 131194 , 139593
83829 , 87223 , 87209 , 87224 , 87226
84721 , 76882 , 118615 , 127914
97809 , 97814 , 97817
134577 , 101350 , 106666
138736 , 138335
70884 , 124267
122151 , 122150
139566 , 129007 , 139564
138534 , 138538
83968 , 127573
98561 , 96605
138540 , 138541
139175 , 113340
126052 , 85503
118259 , 119795 , 119794 , 118260 , 128668
130355 , 130356
85008 , 77405
138434 , 131803 , 105176
131568 , 131569 , 131559 , 70826
105787 , 105786
130369 , 130362
96808 , 131161
121687 , 89898
131620 , 131614 , 95807
118083 , 118084
101696 , 101702
118449 , 118450 , 118396 , 118447
86624 , 84008
113991 , 93835 , 110268
120913 , 120912 , 120901 , 120903 , 120902 , 120905 , 120904 , 120906 , 120909
138563 , 138565
113575 , 122600
126283 , 126282
83732 , 131177 , 86815
138564 , 138580
69862 , 76217
127362 , 124549 , 127429 , 89860 , 127430
122523 , 72719
127664 , 127669 , 89384 , 127660 , 127676 , 127662
99843 , 88661 , 88660
128677 , 128679 , 128678 , 95931
91057 , 120567
94048 , 80888 , 94044
134484 , 134492
122202 , 122204
82064 , 127810 , 100523 , 73279
133351 , 133352 , 133353
84534 , 118924
103409 , 137606 , 134477
118117 , 118118
138790 , 130223
79491 , 85698 , 88357 , 79478 , 91642
127905 , 127896 , 127903
129074 , 123564
127377 , 108875
127332 , 127352 , 127355 , 108174
126329 , 126318
126328 , 126319
127105 , 88544 , 127106
81226 , 81310
127907 , 127906 , 127908
89461 , 89463
122230 , 122237
111161 , 133304
104553 , 131724
134819 , 134822 , 134823 , 134821 , 73820
77232 , 77135
131534 , 86525 , 108348
137490 , 90139 , 98780
83829 , 86938
136593 , 101750 , 131689 , 136601
126321 , 126368
138759 , 75001 , 75259 , 102939
118151 , 118158
98408 , 121516
116209 , 128297
75719 , 75723 , 123341 , 75759 , 123342
74004 , 125101 , 125100 , 125102
126354 , 126351
86955 , 86971 , 86970
129728 , 129731 , 129730 , 129725 , 129727 , 129711 , 129726
139826 , 139810 , 139824 , 139825 , 139814 , 139815 , 139816 , 100267 , 139822 , 139823
136208 , 136215 , 103163
130454 , 130461
134555 , 134553
120023 , 99931
88233 , 131726
131570 , 94578 , 131574 , 131575 , 131573 , 131576
89161 , 138987
126361 , 126363
122139 , 122398
105505 , 106264
130880 , 138263 , 138264 , 133033 , 138270
73969 , 106359 , 84390 , 86314
133398 , 133400 , 133401
122275 , 122276
134548 , 134572
97666 , 130504
74177 , 73480 , 80526
138885 , 138859 , 138863
128857 , 82943
130480 , 130478
71280 , 99565
139394 , 121566
126385 , 126383
138672 , 138673
126387 , 126389
76517 , 125732 , 125735 , 125734 , 124378 , 92490
111035 , 137214 , 111036
97971 , 98057 , 97722
122849 , 70176 , 124820 , 126908 , 70175
118208 , 118200
126400 , 126399
119765 , 119764 , 119759
128663 , 128664 , 128794 , 128815
88560 , 128691 , 92803 , 92515 , 79060 , 106359 , 95862 , 96027 , 95501
105925 , 138684
131843 , 133616 , 121922 , 134534 , 134535 , 131844 , 134533 , 134537 , 121150
109552 , 125442 , 99727
138686 , 138702
126409 , 126408
133426 , 133431 , 133420
86707 , 133341
118507 , 118509 , 118493 , 118494
130643 , 130719 , 130718
77480 , 85231
105670 , 97999
73206 , 73119
124608 , 124631 , 91977 , 124607
130626 , 76181 , 137591 , 85431 , 122552 , 137593 , 78254 , 74414
124059 , 124058 , 124061 , 124060 , 124063 , 124062
132293 , 104155
85155 , 84869 , 89224 , 91211 , 82058 , 81198 , 118384 , 104752 , 84946 , 83896 , 73660 , 71260 , 85151 , 122046 , 76382
126320 , 85561
96163 , 82950
126418 , 126429
104356 , 115721
70116 , 84425
130437 , 107927 , 130438 , 130441 , 130446
85425 , 85504
74873 , 120632
93579 , 110124
137426 , 136165 , 134907
85824 , 93302
118241 , 118240
138727 , 138719
98918 , 121178
72425 , 123103
117601 , 117600 , 111090 , 117605 , 124055 , 117593 , 117481 , 117529 , 117597 , 117532 , 117596
122337 , 122348
130803 , 130786 , 130809 , 130810
99873 , 120240
80947 , 81821
89815 , 130297
105146 , 139548
117313 , 127384
132482 , 132502 , 132500 , 132501 , 132495
117253 , 88301 , 88300
98802 , 88556
83299 , 122898 , 81682 , 103332 , 104644 , 117862 , 128139 , 104383 , 102990
77360 , 71302 , 128812
134642 , 134641
138929 , 138918 , 138911
130555 , 130554
106149 , 106151 , 106150
138738 , 138752
126469 , 126454
88961 , 123005
121905 , 121940 , 108663 , 121597
131510 , 134280 , 122762 , 124861 , 131486 , 131487 , 131484 , 131501
127152 , 86935 , 112572
94736 , 90914 , 99625 , 84824 , 94735 , 99391
122403 , 80853 , 128555 , 76780
136346 , 124782
133266 , 101084 , 133276
78496 , 128187 , 128186
136226 , 136402 , 136400 , 136379 , 136398 , 136399
135619 , 135616 , 135604 , 135610 , 135598 , 135615 , 135612
118282 , 118284
122012 , 122750
138766 , 138767
97623 , 138955
73218 , 97828
97811 , 97810
86333 , 125678
136838 , 82761 , 123487
126229 , 106758 , 126230 , 82170
103713 , 75531
134902 , 110618 , 96925 , 86620 , 110622
80948 , 114684
131171 , 130004
133328 , 133335 , 133336 , 133337 , 73213 , 113372
82893 , 129135
129202 , 94469 , 90485 , 127245
121121 , 120371 , 120404 , 128804 , 126951 , 120406 , 120411 , 120410 , 120378 , 120412
134144 , 76259 , 133121 , 134154 , 129544 , 134155 , 134152 , 71339 , 134153 , 134156 , 99822 , 97646 , 134138 , 133689 , 134142 , 134143
134689 , 134696
123761 , 94740 , 123751 , 123752
110933 , 109316
138800 , 138799
101590 , 126857
134700 , 134701
134704 , 134708
90601 , 88703
124801 , 76177 , 124332 , 124335
137633 , 115406
94018 , 93486
123729 , 96549
98784 , 121817 , 121818 , 107229
139536 , 139969 , 89765 , 129545
91468 , 120622
135042 , 135043 , 135040 , 135041 , 135046 , 135047 , 135044 , 135045 , 98380
126761 , 85338
138819 , 138817
129979 , 132367 , 129980
126530 , 126532
71280 , 108484 , 97881
129556 , 90746
134310 , 134311 , 131899
96897 , 127899 , 127915 , 127898 , 127901 , 127900
90698 , 122940 , 121358
117155 , 86770
87017 , 125100
98648 , 70077 , 108926
134466 , 134343 , 107815 , 112902 , 115803
134724 , 134746
138835 , 138833
113248 , 71204 , 70902 , 87849
77244 , 77550
89761 , 75793 , 123745 , 82132 , 87849 , 123688 , 104299
133856 , 135631
71018 , 135439 , 79407
102192 , 102195 , 102189 , 102190
118673 , 97888 , 118675 , 118676 , 118682
138851 , 138849
137458 , 137459 , 137460 , 137461 , 137469
87383 , 132975
102162 , 93621
118373 , 118372
138857 , 138847
106273 , 73133
79188 , 86472 , 82923 , 94666
71280 , 83558
117760 , 91762 , 79045 , 93110 , 108198 , 78988 , 117759 , 117758 , 112318
131542 , 137990
138868 , 138856
118293 , 118295 , 90284
96099 , 129843 , 129845 , 129844 , 95191
71633 , 125081 , 70619 , 125087
131750 , 111861 , 131742 , 131756
73686 , 138507
71347 , 83501
132114 , 129234
124437 , 118487 , 124439 , 117254 , 124441 , 88301 , 88300
138874 , 138875
106467 , 105750
126310 , 126873
75381 , 71305
122993 , 70356 , 108952 , 122907
122497 , 122496
133810 , 133808 , 133809 , 133803 , 132680 , 133806 , 133791 , 133804 , 98671 , 133805
122514 , 122492
112277 , 112279 , 102365
127393 , 127394 , 127383 , 124989
84827 , 78268
136465 , 136438 , 136231 , 136440 , 136441 , 136444
75939 , 75173 , 87415 , 76502 , 70441 , 69994 , 80029 , 70316 , 73375
139056 , 104708 , 116808 , 113823
134043 , 77930 , 91530 , 134044 , 77806
94901 , 72660 , 72296 , 87087
128096 , 128098 , 128095
136049 , 76213
134802 , 134801
73365 , 73366
128817 , 91641
71280 , 75453
136290 , 136304 , 136293
128419 , 114683 , 128411 , 127485
74592 , 113110
114333 , 114334
122635 , 122414
131187 , 105670
136311 , 136282 , 136300
135797 , 109258
95619 , 73458 , 92117 , 117495 , 117496 , 117501
138923 , 138905
124693 , 124692 , 118555
134827 , 134811
126017 , 124194 , 84964
106149 , 106150
74187 , 72575
77480 , 77482
131379 , 80925
74801 , 123457 , 82259 , 126242 , 80552 , 77263
121762 , 90556
130845 , 130847 , 130846
134833 , 134838
117990 , 133178 , 133199
107799 , 126952 , 137359 , 126943
82950 , 74029 , 129084
119927 , 119929 , 119928
99266 , 137644
132804 , 87721
125957 , 125959 , 125958 , 125961 , 84264 , 125960 , 125963 , 125962
102072 , 102075
126649 , 126650
126731 , 126717 , 126733 , 86110
77249 , 118707
123730 , 91060 , 128639
139075 , 139038 , 139039
85155 , 94595 , 84869 , 94692 , 91211 , 82058 , 73660 , 71260 , 94940 , 85151 , 76382 , 81198
137502 , 137503 , 117582
91158 , 104822
88464 , 123900
118599 , 118347
118475 , 118476
126665 , 126669
98320 , 138628
107238 , 96942
107382 , 137758
117431 , 100617 , 117213
75793 , 126144 , 80227 , 126140 , 98991
78994 , 98614 , 77322 , 104906
131063 , 102486 , 131030 , 131062 , 95978 , 131053 , 73820 , 71260 , 131054
130790 , 130749
76228 , 111580
117217 , 117255 , 117177
136597 , 130826 , 84239
122583 , 122582
102486 , 102489 , 95416 , 137435 , 137432 , 82058 , 73660 , 71260
129824 , 129812 , 129817 , 129819 , 129818 , 129820 , 129823
125685 , 125684 , 108493
122587 , 122586
89447 , 122968
136275 , 136272 , 93319 , 136276 , 136270
71122 , 82937 , 82938
117176 , 117259 , 117258
126693 , 126694
70902 , 110555 , 121981 , 121982
116789 , 95646
118561 , 118592 , 118563 , 118565 , 118564 , 118596 , 116189 , 118589 , 118559 , 118591 , 118590
86514 , 101349
114401 , 114402 , 114405 , 107083 , 114410
138709 , 139262
86033 , 110030
106104 , 72938 , 80362 , 111388 , 73631 , 115359 , 111407
138020 , 115400
126979 , 118249
77238 , 69690
88247 , 124218
139000 , 139001
119687 , 109166
130525 , 122910
139006 , 139007
122605 , 122639
131472 , 113780
91531 , 88189
126731 , 126717
131218 , 114045
81327 , 82015
73557 , 70375 , 125900
102800 , 106725 , 126901 , 89909 , 126900 , 126903 , 126902 , 126904 , 89547
89169 , 123323
139018 , 139019
133522 , 133523 , 133524 , 133525 , 71626
138052 , 115406
134256 , 134245 , 134254 , 134255 , 134253
103479 , 125407
130844 , 130815
119749 , 125525
126731 , 126733
133506 , 107506 , 132614 , 131895 , 93732 , 132612 , 93734 , 131896 , 131918 , 103020 , 103948 , 103950
134926 , 134925
134930 , 134931
107425 , 107415 , 89080 , 107404 , 107423 , 106399 , 78894
114453 , 114454
130835 , 130838
123968 , 121326
85785 , 85786
138931 , 83012 , 75527 , 97160 , 71853
139120 , 139111 , 139119
132918 , 112399
130848 , 130852
126800 , 126787 , 119236 , 126792 , 110477 , 126799 , 118910 , 126798
90192 , 89592
105313 , 121057 , 119450 , 94826 , 119452 , 119390
122017 , 87136 , 122019 , 77394 , 122021 , 122020 , 108828
134210 , 134226 , 134214 , 88444
135030 , 135031 , 135028 , 131285 , 135029 , 135019 , 135016 , 135017 , 127322
132257 , 72120
118179 , 118178 , 118139 , 87452
117426 , 119718
105666 , 90523
130855 , 130875
88875 , 123291 , 123293
118570 , 118586
138515 , 75970 , 91861 , 95028 , 86666 , 93178
139066 , 139055
135889 , 125853
117399 , 119816 , 117403 , 117391 , 117406
130873 , 130874
126779 , 126778
112295 , 133076
126781 , 126780
136098 , 101084
82708 , 86516 , 130221 , 74140 , 86492 , 130223 , 130222
139157 , 139128 , 139129
139193 , 136751 , 133276
76731 , 70346
137537 , 137531 , 137532 , 119502
102206 , 102222
71514 , 124732
83874 , 119897 , 121581 , 121597 , 72716 , 73660 , 121599 , 121582 , 121598
135074 , 135078 , 135076 , 135077
122723 , 122677
89761 , 128384 , 103715 , 103716 , 76998 , 73421 , 86349 , 116332 , 87475 , 128310 , 82235 , 103706 , 80796
81764 , 122681
118609 , 118610
103081 , 134137
122994 , 119588 , 101608 , 98891 , 72668
103153 , 123905 , 118470 , 125466 , 118479
86688 , 93192
118614 , 118617
111827 , 100827
95157 , 92920
118769 , 87219 , 118679 , 118678 , 72889 , 118364 , 118718
117316 , 117305 , 117306
122768 , 122771 , 122772
122715 , 122716
134624 , 137322 , 137321
137536 , 137535 , 85055
135923 , 135920 , 135924 , 135918 , 135919
81952 , 131494 , 131495 , 131479 , 121223 , 132792 , 121226
132947 , 79730
130385 , 100861 , 87934
136436 , 136427 , 136429
135012 , 135013
122049 , 82443
108773 , 136686
111680 , 139062 , 125791
122729 , 122728
92896 , 108035 , 99305 , 92424 , 129403 , 92045
138465 , 138586 , 119384 , 138587 , 131801 , 119308
73682 , 118343 , 127174
137959 , 115708
112018 , 129142 , 129133 , 129132
131571 , 129792 , 131574
118628 , 118670
106310 , 106412
96437 , 123415 , 123414 , 88413 , 116924
108181 , 132932 , 135450
93665 , 138451 , 93666 , 87179 , 94684
111233 , 81184 , 138177 , 138181 , 112589
87186 , 84590
126855 , 126856
74096 , 81315
96785 , 115974
93763 , 94422
117057 , 133866 , 133869
119744 , 119779 , 89187 , 119778 , 119781 , 119624
126864 , 126866
118710 , 118634
125541 , 125540 , 125542
137378 , 92403 , 83909 , 99036 , 135917
127285 , 100327 , 85340 , 127324 , 100175
119507 , 103462 , 119481 , 119483 , 119482
126193 , 70211
126877 , 126876
125671 , 125672 , 114314 , 125677
130976 , 130978
92363 , 112250
80007 , 83646
95701 , 127019 , 121167
120725 , 124858
130974 , 130990
122793 , 122794
70328 , 85147
139191 , 139166
118700 , 118703
120786 , 120789 , 120795 , 120797
125474 , 125476 , 125469 , 69756 , 69758
126889 , 126895
130993 , 130992
122803 , 122804
98754 , 138663
123093 , 81127 , 123095 , 123094
116864 , 129910 , 129918
85009 , 137657 , 137645
89875 , 124967 , 120892
133760 , 133754 , 133753
72962 , 128793 , 128777 , 128077
81692 , 73820
86715 , 85182
118736 , 118702
71027 , 125455
99689 , 129566
117129 , 117128 , 104408 , 92970 , 117101
91092 , 95896 , 99615
120961 , 124689
120961 , 124687
118711 , 118750
131025 , 131018
88529 , 97649 , 125019
125107 , 71404
92853 , 79082
135122 , 135123
139683 , 139680 , 138340
94352 , 118551
76437 , 132728 , 132952 , 132924
127457 , 127456 , 127459 , 127458 , 127461 , 87556 , 127460 , 127463 , 127462 , 127464 , 125098
126545 , 126544 , 112483 , 126535 , 126537 , 126539 , 126541 , 126540 , 126543 , 124830 , 126542
130413 , 131645
90071 , 90072
102484 , 94046
75847 , 137067
135586 , 136340 , 137596
75527 , 71853
98467 , 98076
139751 , 105948
98411 , 122716
118752 , 118758
131159 , 88777 , 98601 , 88776 , 133309
122880 , 122821
130886 , 123006
102373 , 102372
73992 , 70634 , 71661 , 73039 , 75919 , 77070
118761 , 118762
135147 , 135148
138084 , 99436
73776 , 125303 , 100552 , 125304 , 125259 , 126301 , 126303
70707 , 70514 , 137275
82192 , 116023 , 137626
135157 , 135150
139250 , 139258
91235 , 113543
128645 , 76141
74547 , 116450 , 138199 , 138187 , 112621 , 138188 , 109198
84721 , 117169 , 125984 , 88560 , 106359 , 95862 , 126810
93297 , 93298 , 100117
126962 , 126986
