77524 , 94511
79973 , 96197 , 94229 , 96199
72857 , 76654
92177 , 86006
80904 , 74749
70017 , 71193 , 69738
94691 , 101928
74677 , 89174
73728 , 90120
71553 , 86152
93285 , 93097
93365 , 99165
84371 , 69989 , 77081
114008 , 114010 , 114015
78454 , 70505 , 70504 , 70507 , 70506
88961 , 80081 , 89026 , 77701 , 89030 , 76989
77393 , 75456 , 80261 , 80265
77440 , 90524
108129 , 108994
79043 , 79027 , 97907 , 79042 , 97906 , 79029 , 79028 , 69814 , 70383
70064 , 71282
100369 , 100368
71009 , 71010 , 71006
99347 , 99348
107808 , 107811 , 108662 , 107881
95377 , 95379 , 95378 , 70253
74917 , 72679 , 71583
74576 , 74579 , 76996 , 76998
103317 , 103318 , 99272 , 107163 , 107167
70656 , 70696
97700 , 103876 , 81396 , 87821 , 77804 , 79822
82995 , 82934
94885 , 99722
99344 , 99358
80116 , 98107
72726 , 72729
75249 , 83281 , 85227
109748 , 113529
72791 , 74710
78229 , 77469
91137 , 90676 , 71449 , 88809
78825 , 78920
96228 , 89181 , 89071
75745 , 75744 , 78371 , 73186 , 75780 , 93988 , 70119 , 70118 , 92617 , 70121 , 84265 , 70120 , 93995 , 70058 , 70060 , 69838 , 69841 , 69840 , 70131 , 70133 , 94100 , 69846 , 75766 , 71032
92801 , 76642 , 76614 , 76646 , 76648 , 108941 , 95069 , 95070
95203 , 83031
92196 , 92183
90720 , 90717 , 86908
79201 , 75633 , 82499 , 78674 , 78439 , 75578 , 78895
93216 , 93218
73153 , 80514
70689 , 70687
82316 , 89788
95271 , 95272
77665 , 78598 , 100522 , 78605 , 82477
82704 , 75069
69633 , 91937 , 91939 , 69654 , 70126
80995 , 80878
70930 , 95511 , 84249 , 70926
76209 , 69668 , 72182 , 84072 , 87992 , 96282 , 86493 , 82942 , 85630
96305 , 96298
108833 , 108834 , 83147 , 76110
99259 , 101534
73408 , 91203 , 73410 , 96005 , 70280 , 83723 , 91535 , 69744 , 73429 , 90900 , 73430 , 77369 , 82043 , 82044
86208 , 100249
76592 , 93481
73447 , 73993 , 73516 , 94524
77191 , 97451 , 71213
82561 , 71916 , 82556 , 82558
77088 , 86856
72721 , 73219 , 72715 , 73179 , 73178 , 73180 , 82108
107233 , 107234 , 80084 , 94374 , 80173
79718 , 74234 , 79630
85047 , 85046
87332 , 93467 , 77178 , 83039 , 83038
85779 , 81235 , 85778 , 85781 , 85481
98028 , 98812 , 94094
69674 , 69948 , 81678
82592 , 94502 , 93357
75040 , 79414 , 75038
82058 , 71260 , 73660 , 76382 , 89982
80529 , 80530 , 72853 , 73480 , 73368 , 69675 , 77407 , 80526
91795 , 90453 , 90455 , 90473 , 90472 , 90456 , 99084
112000 , 111997 , 111998
79347 , 71476 , 79151 , 71214
100929 , 74264 , 100891 , 100890 , 107997 , 100894
110993 , 110994 , 112788 , 113870
92369 , 71606
80673 , 78705 , 80675 , 80674 , 71915 , 70335
100753 , 99553 , 107140 , 106378
69700 , 69703
69858 , 70598 , 71145 , 70600 , 71146 , 89164
114586 , 108783
80980 , 80955
97463 , 97462 , 96041
102168 , 100735
85399 , 70397
74182 , 87758
108621 , 108622
83680 , 83187 , 83143
72778 , 72782
114788 , 114747
110674 , 110669
69892 , 91655 , 97415 , 79308 , 87247 , 76398
72196 , 74695 , 99031
72789 , 82619 , 102554 , 71933
77905 , 77908
92869 , 82330 , 85070 , 104446
71231 , 80494
70384 , 70352 , 81552 , 80996
78433 , 92373 , 85051 , 97738 , 74028 , 90702
90935 , 95615
73819 , 73820
115805 , 115806
70848 , 70755 , 74739 , 70179 , 70178 , 71524 , 69630
86073 , 90187 , 86074
70000 , 70003 , 70002 , 70005 , 70006 , 70008
70246 , 78904 , 78366
84151 , 80859 , 70703
106595 , 106596
74850 , 74853
73607 , 107414 , 100105 , 84905 , 103883 , 75386 , 91997 , 69804 , 111023 , 69982 , 70558
93066 , 97642 , 106446
106597 , 106598
85129 , 83007
77283 , 77509 , 77048 , 80298 , 80317 , 94733 , 80303
82853 , 73002
88461 , 87871
111056 , 112381
86514 , 101349 , 115453
71024 , 104628 , 69607 , 99801 , 104057 , 104056
94338 , 106162 , 100774
78965 , 78958
74433 , 73329 , 76024 , 73404
110065 , 72832 , 73267 , 94420 , 110052 , 110055 , 110057 , 110073 , 73674
98419 , 98418
90905 , 88845 , 90461 , 90463
81731 , 109159 , 107497 , 113499
76112 , 74882 , 80664
79141 , 74694
77216 , 85298 , 71958 , 76490 , 76349
77729 , 76243 , 100732 , 99838
102113 , 103602 , 106235 , 106234 , 103340 , 103342
99047 , 92443 , 101613
87699 , 87447 , 87575 , 75433
76772 , 85257
89954 , 93476 , 76391 , 92680
78003 , 80825 , 75564 , 83295
87828 , 87815 , 85337 , 85336 , 87816 , 87818 , 92700
75128 , 74622
74176 , 73619 , 75683
109553 , 72963
75901 , 75900
116105 , 115576
105365 , 99691
100930 , 106181
100483 , 100484
81254 , 81691 , 98427 , 78314 , 100892
98434 , 98437
70930 , 98423 , 93884 , 109758
95961 , 95963 , 95291 , 98078
80869 , 79687 , 79689 , 79690 , 79693
89792 , 80927 , 69695 , 87151 , 76158
78702 , 71070
80753 , 80589 , 80591
108626 , 106683
85508 , 97033
108681 , 108682
69698 , 69839
81075 , 88983 , 73926
70211 , 101331 , 101114
107956 , 107767 , 106086
74891 , 74890
76560 , 75936 , 97749 , 72964 , 97753 , 83133
100259 , 92540
98993 , 98994 , 98981 , 98408 , 98984 , 95743
77729 , 100732
103569 , 103570
84689 , 87285 , 92779 , 94266 , 87423 , 88382
96401 , 96402
73490 , 71127 , 83000
98197 , 70027
80289 , 80833 , 80830
90741 , 90612 , 90826 , 90605
111042 , 96102
94259 , 71124 , 70440
100533 , 79992
74403 , 70802 , 70308 , 82119 , 73910 , 80697 , 94491 , 70030
106871 , 106425
110857 , 112686
69888 , 79924
85216 , 86998 , 94442 , 100221 , 69662
88221 , 88223
108547 , 104761
92466 , 77141 , 77142 , 71638 , 77193 , 88075
111376 , 85906 , 100004
83729 , 96821 , 93575 , 113431 , 105734 , 74025 , 113432 , 77578 , 83727
93700 , 97092
79865 , 90731 , 90732 , 89214
106048 , 83539 , 76725 , 102472 , 72746 , 97418
88224 , 88239
71697 , 85955 , 75319 , 71671 , 91766 , 71673 , 77737 , 101419 , 77739 , 69998
82081 , 82095
71334 , 97628 , 97614
70194 , 70813 , 70284
89921 , 82225 , 77764 , 100151 , 87353 , 78428 , 78414
84464 , 85864
87937 , 72777 , 79545 , 74589 , 74975 , 99998
95409 , 95400
84256 , 77881
77986 , 78012
91844 , 91801 , 93180
74197 , 76740 , 76742 , 86011
100160 , 100164 , 101078
81446 , 88890
99491 , 103613
69860 , 74761 , 72345 , 77359 , 74670
89225 , 95452
82068 , 82138
76065 , 69713
75123 , 70658
71803 , 71786 , 71823
81875 , 72105
96945 , 71970 , 71972 , 73892 , 92612 , 72406 , 83145 , 95290 , 82765 , 103150
92471 , 107084 , 103934
72609 , 89574
93384 , 93372
95427 , 95426
74658 , 73192
76996 , 76998
114389 , 114010 , 114015
98865 , 98135
75974 , 75977
93204 , 71036
111815 , 111818
75313 , 102961 , 76100 , 92580 , 102887 , 103227 , 70317 , 73343
94409 , 94408
70082 , 71631
72120 , 71646
96704 , 73767 , 106393 , 69992 , 106795 , 70013 , 107343 , 104639
104648 , 104653
105826 , 93234
83072 , 70728 , 70778 , 83036
80051 , 69862
81123 , 81082
73831 , 73832 , 73835 , 73834
97683 , 80020 , 88957
77908 , 98636
77602 , 72319
77080 , 79983 , 76830
70960 , 70978 , 69717 , 83061 , 69622 , 70985 , 106457 , 90379 , 69949 , 69951 , 111055
84347 , 69679
77088 , 87179
81929 , 91464 , 91224
83158 , 83164
82136 , 82140
70899 , 71715 , 70500 , 96580
71280 , 97883 , 99565
113702 , 113355 , 113354
82243 , 81730 , 94322 , 90519 , 102200
70784 , 94144 , 83315 , 78103 , 92582 , 91097 , 87161 , 83819 , 105887
92448 , 93472 , 98661 , 93959 , 92934 , 92374 , 93977 , 93965 , 92447
87527 , 82906
84112 , 75172 , 84890
85541 , 111534
104680 , 104682
101731 , 103535
71987 , 106856 , 89915
79015 , 79590 , 79434
90294 , 110879
90961 , 70887 , 81895 , 92605
105707 , 109805
77937 , 70069 , 78488 , 75036
80769 , 81510
70700 , 85438
106933 , 100405
106861 , 106620
113913 , 113914
83939 , 92743 , 83929 , 83951
74018 , 70137 , 70329 , 70699
95328 , 89157 , 79865 , 90731 , 90732 , 89214
78288 , 80264 , 70779 , 80266 , 71838
70852 , 91188 , 70568 , 81242
98562 , 73979
89697 , 91107 , 91109 , 91102
103683 , 103684
75539 , 84501 , 75540 , 75563 , 75562 , 86831 , 76846 , 97310
96519 , 96509
79369 , 103419
93548 , 76956
86113 , 80273 , 80275 , 70498 , 82898 , 74354 , 93605 , 70342 , 99434
92320 , 92530
75409 , 78560 , 78258 , 75333 , 77999
86852 , 73421
70599 , 70511 , 90847
71297 , 104274 , 69780 , 79048 , 80698 , 88602 , 70044
93425 , 70627 , 70629 , 70677 , 70628 , 70676 , 70631 , 70679 , 95095 , 93446 , 98521
94342 , 100761
102550 , 106888
110340 , 96073 , 105147 , 105755 , 105114 , 105306 , 110079
98277 , 70939 , 70940
79139 , 79103
70886 , 70973
75074 , 79844 , 94212 , 75020 , 79854
100627 , 100622
98035 , 114935 , 75910 , 94646
82960 , 77161 , 84141
70993 , 76565 , 94932 , 79592
86166 , 102798
91693 , 70654
99233 , 99331 , 97398 , 99254 , 96377 , 96728
86385 , 84599 , 85302 , 88872 , 84715 , 86780
71700 , 84075 , 98735
73091 , 72873
94849 , 74947 , 93091 , 88467 , 94850 , 94631 , 75095 , 75097 , 74314 , 94858 , 75005 , 75004
76035 , 76079
71895 , 69979
71378 , 111454
92921 , 104351 , 104350
70939 , 70940
111905 , 111898
111681 , 77459 , 109971 , 109589 , 109972 , 109942 , 70316
77973 , 77207 , 80910
98100 , 100731 , 98703
97811 , 97810 , 97817
94456 , 94458 , 102477
78466 , 71607
100634 , 108830
82071 , 73913 , 92026 , 72046
80199 , 78072
113712 , 113709 , 76253
110090 , 105149 , 100734
80871 , 87642
75969 , 75655 , 75657 , 71706 , 75052 , 75054
98401 , 96979 , 105811 , 105810 , 110370 , 105812
93377 , 93376 , 93891 , 93379 , 93890 , 93378 , 93381 , 93892 , 93380 , 93383 , 93385 , 93389 , 93388 , 93391 , 71321 , 93369 , 93373 , 93375 , 93374
81282 , 89108 , 86196
102435 , 84932 , 88804 , 71819 , 93211 , 71386
74257 , 73788
71415 , 72023 , 71165 , 71164 , 71182
73062 , 99583 , 94191
108743 , 108742 , 108745
91066 , 85389 , 84238
73001 , 73003
80169 , 80172
111648 , 114233
93776 , 93760 , 85874 , 100378 , 93759
77138 , 76233 , 79417 , 85674 , 73981 , 71020
98920 , 71672
78608 , 96771 , 79428 , 83481 , 95689 , 78635
97620 , 97549
74632 , 89626 , 90302
76674 , 76680 , 76637
89387 , 80571 , 94108 , 96990
84385 , 90310
69778 , 108310 , 80573
76657 , 88306 , 71174
80865 , 70706 , 70238
86673 , 87376 , 80631 , 97544 , 70968 , 99674
69927 , 88397
73893 , 80506 , 80938 , 69884 , 84526
99984 , 96132 , 106031 , 106030
109281 , 109992 , 89163 , 109994
96572 , 96575
77516 , 93100
70913 , 94209 , 112545 , 73920 , 69828 , 83977 , 69929 , 89480 , 69770 , 97262 , 69776 , 71604 , 97143 , 112759 , 72410 , 72346 , 73594 , 70138 , 70362 , 72412 , 69983 , 75487
100676 , 100665
81488 , 81349 , 89381 , 81348 , 89444 , 83478
102561 , 78300
70035 , 71918
71104 , 70854
80564 , 70214 , 80571 , 96972
70674 , 70253 , 70670
82818 , 82827 , 82815
78581 , 83160 , 102957 , 97902 , 102958
101761 , 97490 , 98210 , 98677 , 85142 , 72347
72181 , 69788
110931 , 85800 , 102940
114672 , 114084 , 97533
89409 , 89427
78576 , 78327 , 94967 , 89849 , 92888 , 91147 , 71227 , 78637 , 78703
93025 , 83768
69985 , 104001 , 70640 , 77808 , 76418 , 71268 , 100063 , 73550
89680 , 91215
89203 , 97877 , 93382 , 92941
72975 , 79246
97409 , 97408 , 97411 , 96146 , 97413 , 97403 , 97407
103784 , 103738
113171 , 108685
80209 , 80211
72209 , 83157 , 88196 , 83796 , 86296 , 86330 , 98410 , 84124 , 71343 , 86495
85293 , 71039
71523 , 71522 , 71940 , 71943 , 71944 , 71902
78657 , 85872
83633 , 83635 , 73573 , 83636 , 83638 , 83641 , 83610 , 81309 , 81308
103892 , 103897 , 71321 , 103898 , 103903 , 93374
82913 , 99173 , 82919 , 82886 , 82921 , 82922 , 82924
93075 , 93074 , 93078
95583 , 95582
72512 , 72510 , 72766
70881 , 72596 , 74317
91569 , 91408
100049 , 106121 , 99693
70288 , 76755 , 76754 , 70151 , 92360 , 70285 , 90940
96176 , 70789 , 92837 , 70772 , 73451 , 100909 , 98461 , 103884
98839 , 100527
74945 , 74948 , 83780 , 89416 , 74927
72033 , 72035
90474 , 91722 , 82702
78257 , 79700 , 78271
79065 , 86651 , 88330 , 86639
69621 , 104233 , 105391
91489 , 91499
95266 , 99300 , 96974
76385 , 77935
74091 , 74090
79972 , 94839
70435 , 70437 , 70436 , 86676 , 70438 , 78774
69891 , 70101
69920 , 72835 , 93171 , 74258 , 73142 , 69608 , 100239 , 70495 , 76879 , 80462
113825 , 114232
91504 , 91502
84563 , 84108
88032 , 115454
102769 , 102770
107665 , 108114
109227 , 84973 , 97359
90144 , 102563 , 88292 , 102559 , 102558
89284 , 95773
72464 , 93050 , 76893
76133 , 88447
80353 , 82547 , 83767 , 82954 , 91101 , 105663 , 80574
90257 , 90707
102529 , 84864 , 102531 , 83562
91508 , 89464
89461 , 89463
114752 , 90681 , 114751 , 114750
89604 , 89327
102843 , 104764
105380 , 105430 , 105435 , 105434 , 105423
102039 , 93278
71648 , 71620 , 71623 , 71419 , 71242 , 71246
75139 , 75126
116785 , 115406
96641 , 96642
78085 , 82428
71341 , 72798
87812 , 91143
93555 , 69666 , 93556
71729 , 90839
101968 , 89272
93461 , 87460 , 83273 , 71661 , 71709 , 71708 , 92092 , 70031 , 78239 , 71662
98307 , 92938
71857 , 95344 , 93682
75841 , 75843 , 75842 , 86722 , 98117 , 75848
112016 , 110307 , 111812 , 110123 , 110122 , 112012
70011 , 70042
90576 , 104773
69749 , 70152 , 70362 , 71100
94243 , 84732
113042 , 113036
71264 , 71263 , 71262
71280 , 97881 , 97883
71220 , 77465 , 105258 , 105261
78389 , 91658 , 82668
90348 , 80655 , 79662
77095 , 77094 , 73948
77829 , 77830 , 83434 , 85306
94613 , 94618
105814 , 105657 , 105658 , 105567
100273 , 82811
70930 , 75238 , 86598 , 77293
84368 , 86435
85864 , 86991
88736 , 82320 , 88985 , 94219 , 93023
80722 , 86642 , 92345 , 73067 , 71085 , 73612 , 70174
76252 , 76127
96677 , 96662
81050 , 79519
88418 , 90162 , 71941 , 99704 , 103210
111394 , 104100 , 81611 , 84444 , 92364
70737 , 83506 , 70738 , 79798 , 83119
82640 , 82637 , 82639 , 82638
88953 , 90057
102882 , 110943
97808 , 94997 , 94998 , 102344 , 96556 , 97823
73415 , 73414 , 73435 , 73434
75314 , 97558
73008 , 89625
84389 , 84393
70021 , 70377 , 70509 , 70510
99808 , 95599
95480 , 93786
94931 , 69765
85760 , 76883 , 72914 , 84104 , 88411 , 99035 , 83567
80707 , 69972 , 83671 , 83677 , 82191
88717 , 82127
81287 , 71126
93840 , 79053
73184 , 70197 , 77588 , 77556 , 77417 , 87917 , 99277 , 77980 , 90894
84500 , 82255
72530 , 79001 , 89819 , 79002
113075 , 113076
70018 , 72162
73601 , 70432 , 74304 , 77267 , 74290 , 74293 , 73111 , 74301 , 74303 , 74302
99536 , 93456 , 78807 , 105899
104147 , 102738 , 104146 , 104148 , 73416 , 104141
72586 , 77791
88502 , 88508
97488 , 75427
82928 , 83844
70694 , 84525 , 79148
70182 , 102746
90436 , 88637
69699 , 82750
71874 , 72052 , 71849 , 71848
101799 , 89565
102773 , 94735
77184 , 77186 , 74614 , 77353 , 77547
70218 , 69950
70193 , 70389 , 77621 , 71469
70392 , 80858 , 87229
84020 , 82331 , 82366
84036 , 95053
76247 , 76223
84427 , 84428
86808 , 108671
85586 , 87978 , 97242 , 80095 , 98526
72245 , 76949 , 74955
112056 , 112093
95873 , 89364
79321 , 79295
115424 , 90300
101025 , 81819 , 85514 , 81818 , 97725 , 85516
69909 , 76271 , 69790
86512 , 112584 , 86511
70705 , 78963 , 94978
70088 , 69854 , 69886
85219 , 93896
73321 , 77119
71664 , 74662 , 72025 , 72027 , 71007
101826 , 97493 , 107030 , 98191 , 98158
70116 , 84425
75712 , 70070 , 99321 , 80474 , 97261
79187 , 79076 , 102247 , 78875 , 81052 , 78942 , 79102
76529 , 76528 , 76525 , 76527
70180 , 70183 , 96109
73365 , 73367 , 73366
72594 , 90164
80853 , 70711 , 70839 , 80582 , 70712
83093 , 84696 , 71211 , 71210
97684 , 107910 , 96425
78385 , 86425
101136 , 83843 , 71842 , 71831
114144 , 114154
70243 , 70258 , 71412
87032 , 76778 , 76780
78578 , 74413 , 75310
105891 , 110450 , 104550 , 99448 , 90427 , 96618 , 104237
84417 , 85653 , 85652 , 85639 , 85640 , 83919
93350 , 93997
80516 , 84301
70762 , 75628
74426 , 90398
110881 , 111287
107653 , 107716 , 108726 , 107657 , 109899
79665 , 79671 , 87414
82977 , 75710
85284 , 85606 , 110633 , 110632
80465 , 80467 , 80466 , 78645 , 80468 , 73576
78821 , 90916 , 76726 , 101019 , 99195 , 72090 , 72111 , 77103 , 86686
98312 , 99290
90068 , 89100
100597 , 101100
86643 , 102553 , 89981 , 93692 , 101214
85744 , 85238
101364 , 101367 , 101366
78704 , 80792 , 85213
115109 , 113215
78325 , 78324
82375 , 85958 , 94811
83453 , 83439
76135 , 76427
108164 , 110054 , 89997
71445 , 71444 , 79303
84474 , 84476
114432 , 114427 , 114426 , 114430
114135 , 114406 , 114409 , 88108 , 88095
107427 , 112722
115195 , 115194
87959 , 75849 , 97307
78641 , 97616 , 103219 , 99224 , 104216 , 98200 , 100746 , 101533 , 101772 , 99580 , 99646
86471 , 80440
70481 , 69719 , 69718
113555 , 82028
72421 , 71964
112339 , 112246 , 110264
89922 , 81096
115411 , 115413 , 112228
78853 , 78852 , 78854
87026 , 98333
75269 , 75271
71175 , 71179
106089 , 105898
71201 , 71154
110072 , 110104
90697 , 86477
79481 , 74047 , 74846
91586 , 91736
84480 , 86555
75189 , 78282 , 109727
93706 , 93711
85525 , 85517
87233 , 73123 , 70083
92113 , 92112 , 92114 , 92116 , 85254 , 92127
102753 , 102755 , 102749
102656 , 70402 , 90295 , 71926 , 71929 , 72443 , 70270
75521 , 115347 , 114420 , 75607 , 69831 , 69830 , 69817 , 111928 , 70043 , 70445
81617 , 81616 , 71308
78961 , 79813
74834 , 82213 , 74857 , 82217 , 82218
89009 , 69764
89308 , 83806
96848 , 86506
70225 , 74221
88896 , 91483 , 82858
70177 , 70175
70289 , 69616 , 75571 , 70290
96801 , 94758
70777 , 83918
99729 , 98075 , 98794 , 99754
86629 , 70055 , 71741
74643 , 78930 , 74581 , 74646 , 82429 , 88958
74893 , 87999
108240 , 103804
87040 , 103397 , 88229 , 89034
82578 , 80324
91827 , 87173 , 87188 , 87175
87521 , 79170 , 87464 , 86925
80422 , 80441
80725 , 90381
106883 , 109278
113670 , 110682
83317 , 86409 , 93177 , 85501 , 96924 , 87439 , 107342
110803 , 114564 , 97289
70433 , 81810 , 80226 , 70893 , 74590
95798 , 95790
80614 , 78207
72963 , 75618
94770 , 94776
96387 , 107496
73269 , 73270
76393 , 82283 , 76394 , 85551
106512 , 85267 , 85268 , 83161 , 103066 , 70350
101305 , 100538
97846 , 97853
71521 , 96080 , 70130 , 76884 , 80623 , 74894
89322 , 71565
70099 , 81703 , 70103 , 70109 , 78748 , 90447 , 70111 , 70110 , 82958 , 92942
95416 , 82058 , 73660 , 89982
73244 , 99935
99141 , 100660
108148 , 108043
97522 , 97557 , 85900 , 75260 , 97516
115905 , 112572
74307 , 74297
92705 , 114601 , 113339
74276 , 74335
114325 , 114324 , 114523
96320 , 71540 , 70860
70930 , 84027 , 83770
72627 , 72535 , 74199 , 72621
102917 , 74372
100289 , 74673 , 82577 , 97714 , 70905 , 74668 , 74732 , 84172 , 74671 , 100287
78597 , 86407
83527 , 83529
81411 , 92738 , 95669 , 91799
78417 , 82112 , 82117 , 82107
72985 , 75643
74970 , 77754
93347 , 75771
73136 , 73141 , 73177 , 73131 , 73135
92821 , 91192 , 90476 , 91244
81460 , 71276
79491 , 85698 , 75301 , 88357 , 88356 , 79478 , 70666 , 69882 , 75245 , 83342
82779 , 74058
82336 , 82297 , 82315
69680 , 75042 , 76514 , 76086 , 76171 , 76618 , 76604 , 76606
95060 , 86823 , 86824 , 96637 , 95100 , 97582 , 96494
90672 , 86519 , 70776 , 72856 , 70667 , 104027 , 99755 , 91514 , 72958 , 89342
72457 , 72109
106070 , 106078
69864 , 70605
71257 , 71260
81639 , 81641 , 81642
76817 , 73145 , 72891 , 72890 , 72893 , 72894
89372 , 102526 , 89886
95600 , 79234 , 84440
70965 , 71285 , 71060 , 86260 , 76887 , 81734 , 71414
108145 , 108130
84548 , 76428
71427 , 99795
84586 , 84588
79328 , 79607
109429 , 91063 , 91064 , 91051 , 106062
94704 , 90860
71969 , 83857 , 94833 , 89652 , 77592 , 97500 , 83852
76037 , 76760
101780 , 98127
109776 , 112660
80291 , 80290 , 80292
79458 , 77452
70022 , 84840
113273 , 113274
79312 , 79306 , 79293 , 79311 , 79310
111264 , 96855
76400 , 71527 , 71526 , 71561 , 71560 , 71528 , 83258
70880 , 74966 , 74558
79793 , 70376 , 96699 , 70250 , 75326
80103 , 74310 , 80102 , 80104
111137 , 76481 , 87907 , 70549 , 76516 , 90509 , 102590
70672 , 98356 , 71871
74369 , 74370
103347 , 80206
78864 , 92404
99040 , 96805
106259 , 106261 , 106203
84531 , 70354
81355 , 98109
96774 , 94986
94281 , 69688 , 104907 , 94922
77425 , 79925 , 90311 , 73959 , 73961 , 72297 , 73962 , 102301 , 73964
100833 , 100834 , 100685
111929 , 106459
79191 , 79192 , 70252
114395 , 114394 , 114538
84502 , 76717 , 76716 , 76719
114512 , 114544 , 114264
73363 , 73359
76433 , 76432
70353 , 70229
73139 , 102818 , 85455
88725 , 88727
70211 , 80623
73346 , 73390
116377 , 116376
104994 , 87272 , 103981
90914 , 94735
74385 , 82597
82489 , 70398
79521 , 79520 , 69859 , 93026 , 77636 , 94311 , 94310 , 105382 , 94313 , 73617 , 94293 , 104180 , 78036 , 73815 , 98743 , 104182 , 80283 , 79514 , 79517 , 74556 , 87231
78502 , 78493
76936 , 78008
88631 , 94990
73344 , 102032 , 74480 , 85654 , 73387 , 95995 , 70954 , 73370 , 73389 , 73341 , 77455 , 100750
81113 , 77400 , 85658 , 95102
101489 , 96082 , 103205 , 104377 , 100008 , 107240 , 95608 , 86283 , 95885
104224 , 72901 , 72905 , 72904 , 77323 , 72907 , 110636 , 72910
90791 , 90792
82101 , 93335
85975 , 73078
110278 , 110223
97392 , 97805 , 89455 , 89454
71889 , 86960 , 87970 , 80196
70992 , 70115 , 75543 , 75545
72099 , 88036 , 72776 , 72664 , 74092 , 74332
82309 , 84970
76373 , 84759
87875 , 97839
78546 , 78292 , 80076
72176 , 91666 , 88708 , 88404 , 72331 , 89869
70291 , 95589 , 74645 , 86452 , 94825 , 70700 , 69694 , 104798
113348 , 113334
113349 , 113333
83661 , 75743 , 83662
98519 , 98518 , 99276
87743 , 87742
115374 , 115406
73618 , 73199
85847 , 85546
75479 , 75439
81891 , 100371 , 85305 , 88760 , 71068
111082 , 80794
97994 , 97983
78517 , 78516 , 78521 , 78523 , 78522
72624 , 75080 , 80106 , 72622
83579 , 98079
85708 , 77518
99425 , 94512 , 71461 , 69863
71371 , 71373
75584 , 89689
100048 , 100047
75008 , 99811 , 99810 , 74340 , 74916 , 99812 , 86153 , 107884 , 98992 , 87634 , 104055 , 104054 , 99864 , 99804
75552 , 75389
100487 , 95515
82641 , 82642
88435 , 78690 , 73932
84802 , 82407 , 86141
83829 , 90774 , 86938
76384 , 96019 , 111663
100153 , 100155 , 100143
71572 , 79384
70134 , 70106 , 70108
82879 , 82414
105785 , 103756 , 103215
97184 , 75467 , 70187 , 78715 , 70298 , 78604
78840 , 94651
83190 , 88253
105648 , 100073 , 101325 , 91724
102715 , 103548
96129 , 101538 , 69895 , 69897 , 69881 , 69898 , 81098 , 82111
78613 , 82596
70365 , 70364
79587 , 79579
76722 , 84119 , 84342
71687 , 71688 , 71144 , 72968 , 76475
81043 , 84271
88629 , 82830
96470 , 95467
88375 , 85135
70519 , 70521 , 70520 , 70522 , 73694
77174 , 77902
75403 , 77629
89734 , 81100 , 81836 , 87164 , 85487 , 84078
76448 , 92309 , 90780
105929 , 101001 , 79230
95104 , 96854
86514 , 101349
92818 , 92998
80880 , 80365
104722 , 70859
116583 , 114299
71411 , 71405
70273 , 70212 , 84022 , 69867
83428 , 73725
81652 , 75501
73174 , 71694
83126 , 83128 , 83066
114825 , 114015
80267 , 88219 , 86186 , 80269 , 80268
82947 , 104136 , 88874
74594 , 74295 , 74697 , 105628
74495 , 74494
84293 , 74941
80681 , 78554
102149 , 102141
90663 , 95194
104985 , 80888 , 80891 , 80890
99074 , 99077
73297 , 73299 , 81541 , 73077 , 97337 , 97339 , 89339
77602 , 76906 , 72319
108293 , 108292
72626 , 72284
87440 , 81461 , 85209 , 85160 , 81464 , 88728
82481 , 101264 , 78195 , 102165 , 85783 , 86204
75544 , 75518
111570 , 111172
83363 , 87459 , 80562 , 82930 , 80409 , 84508
106257 , 106253
73569 , 73568 , 73567
96563 , 75426 , 75428 , 75431 , 75127 , 75434 , 75436 , 75327
114453 , 114454
73571 , 73570 , 73573
81763 , 81762 , 81765
99296 , 82070 , 110265 , 74430 , 102462
71481 , 71480 , 82795 , 71482 , 83230
82448 , 72070 , 82588
78616 , 78621
93288 , 81356 , 95231
94992 , 99045 , 104510
87904 , 87771
98067 , 98091
74241 , 73187 , 87643
75568 , 72484 , 69848 , 84751
97878 , 112620
70144 , 80240 , 79044 , 72727 , 84358 , 97945 , 78681 , 75400
95809 , 90554 , 95820
77334 , 77870
84049 , 110560 , 84050 , 77369 , 69722 , 105884 , 84366
74529 , 75515 , 70701
93856 , 81832
73991 , 106152 , 99085 , 99212
78000 , 74733 , 84189 , 84188
85251 , 90445
76613 , 88917 , 85609 , 96591
105257 , 105259
95021 , 95020
70067 , 70995 , 70964 , 70905 , 94170 , 70990
78513 , 73984 , 70265 , 78584 , 69912 , 69917 , 84735
96915 , 70052 , 82164 , 70186 , 103130 , 70173 , 70172
91559 , 90299
90867 , 71605 , 71511 , 83334 , 70955 , 71740 , 72063
74545 , 74544
84458 , 85116
105626 , 105690 , 105709
80146 , 80148 , 80151 , 80150 , 86024 , 80136 , 80138
104883 , 108883 , 104884 , 104870
89148 , 90671
90480 , 85243
87863 , 87864
71555 , 71558 , 71529
93282 , 84494
86243 , 86306 , 87154
104915 , 98626 , 105282 , 70892 , 95023
100772 , 93574 , 72985 , 92717
96135 , 96120 , 96126
114267 , 110623
101211 , 103198
72512 , 72510
112450 , 112443
96596 , 73004
71043 , 78083
97127 , 103926 , 97129 , 100797
78753 , 78752 , 78754 , 78751
83008 , 81139 , 70267 , 82654
80805 , 80809 , 94012
99384 , 99386 , 81437
90027 , 89822
71795 , 85202 , 97021 , 83532
90114 , 81549
78693 , 78638
84630 , 72701
87635 , 88021 , 72697 , 70858 , 87962 , 87946 , 69613 , 73884
74567 , 74569
76355 , 76550 , 85624 , 76315 , 70620 , 101596
107735 , 107741 , 107742
105606 , 94735
88745 , 95212
92387 , 73094 , 76283 , 85181 , 77551 , 96911
101551 , 87615 , 99246
74573 , 74574
76321 , 71680 , 76324 , 90712
89236 , 106292 , 82646
80566 , 80872
99014 , 89782 , 85278
96089 , 83785
70483 , 70479
74576 , 74579
96764 , 97292 , 96414
77185 , 74015
82961 , 81927 , 75734 , 80569
84898 , 109311
83734 , 73614
99875 , 97986 , 107557 , 99879 , 107558 , 99881 , 99880 , 99307 , 99883 , 99882 , 102092 , 99854 , 72184
102595 , 77285
70487 , 70488
69712 , 75356
96032 , 99235 , 86649 , 74971 , 75162 , 82284 , 75164
87256 , 87259 , 86858 , 87258 , 87261
100979 , 88711 , 80790 , 80761 , 94892
70739 , 71700 , 71670 , 71318 , 73784 , 78906 , 71502
85697 , 79859
83728 , 77940 , 82340 , 83338
72259 , 76914
107895 , 106813
102240 , 102238
96097 , 83558 , 70861 , 96078 , 96110 , 96113 , 71283 , 96115 , 96114 , 75957 , 75636 , 96054 , 76121
115553 , 115552
77713 , 77714 , 77732
73571 , 73570
103329 , 78224 , 85904 , 115301 , 114246 , 110454 , 70681 , 70680 , 70061
115093 , 112021 , 112023 , 112042 , 107612
73042 , 74116
70930 , 75238 , 77293 , 77292
108393 , 108397
80011 , 96234 , 73311
110432 , 110459
84561 , 87367 , 86233 , 87032 , 87371 , 89003 , 87355 , 82236 , 74495
73040 , 72087
82784 , 90560 , 82787 , 83063 , 84457
115735 , 115406
80771 , 78696
103302 , 103273
70241 , 70257 , 70181
83552 , 71280 , 83555 , 80020 , 83558 , 77147 , 77146 , 84506
116329 , 71822
99408 , 109220
93040 , 80776
71549 , 71551
80817 , 80816 , 73971 , 80810 , 80813 , 80815 , 80814
92849 , 71816 , 70602
75691 , 75693 , 75695
106345 , 110492
78721 , 84934 , 101804 , 102956 , 99249 , 96913 , 71280 , 76627 , 95251 , 99250 , 74264 , 84731 , 86810
99041 , 70595 , 70530 , 75490 , 105206 , 76569
76536 , 87067
84873 , 84876
70466 , 70949 , 71350
114257 , 116954
72684 , 70463
108531 , 111076 , 108534 , 108536 , 111965
83074 , 84652
83573 , 84154
114178 , 92459
70036 , 70394 , 70302
73794 , 73286 , 71850
101088 , 87120
73830 , 71374
108461 , 71566
93315 , 90805
114386 , 85047 , 85046
89008 , 88974
114560 , 112575
74580 , 70633
83400 , 80936 , 78171 , 78333 , 78334
84097 , 89476 , 71081 , 74648
89266 , 72341
85047 , 85046 , 110303
104387 , 104388 , 104392
78037 , 91767
79907 , 81710
81832 , 81839
73842 , 74148 , 73022
80228 , 88516 , 97255 , 91047 , 89256
74145 , 72452 , 72935 , 73542 , 74502 , 95497 , 85837 , 69708 , 73937 , 81425 , 81426 , 81429 , 95509 , 81398 , 78010
70624 , 93048
110181 , 106744
89465 , 90475 , 83002 , 83004
90743 , 90742 , 90745
86653 , 86652 , 86638
96593 , 93725
110368 , 110322 , 100695
87988 , 87995
104374 , 104376
87169 , 89360 , 89970 , 89253 , 89351 , 89435 , 89966
91250 , 86782
69953 , 75345 , 73701
98115 , 98354
78716 , 78846
97314 , 72536
73138 , 88521
73820 , 81692
103355 , 103357
96711 , 101816
70592 , 70590
70803 , 71077 , 71048 , 71611
70150 , 79229
98214 , 98266
93941 , 108597 , 73820
79761 , 73718 , 73801 , 73720 , 79725 , 73804
77457 , 69681 , 89778 , 70484 , 105828 , 77467 , 77466 , 101420
94962 , 93623 , 95131 , 95038
71634 , 83914 , 83948
78525 , 77004
70678 , 71222 , 70104 , 90218 , 97023
82197 , 71725 , 77391
97696 , 96535 , 103158 , 100426 , 95645
81745 , 81989
102203 , 73820
108721 , 99889 , 78336 , 104034 , 79093 , 109910 , 110713 , 85691 , 77483 , 110826 , 89901
69632 , 92468 , 69702 , 69977 , 69976 , 69978 , 72973 , 69628 , 72974
90404 , 75001 , 72060
94418 , 99734 , 95242 , 71722 , 93436
70615 , 74700
95540 , 95543 , 95544
90071 , 90072
75600 , 104978 , 100658 , 105765 , 80969 , 80971 , 80970 , 80973 , 93886
85101 , 78655
90866 , 95625 , 102191
73414 , 73435 , 77211 , 73434 , 77214
82680 , 91323
82872 , 76798
70371 , 70611 , 112053 , 70372 , 98692 , 72567 , 85239 , 77693 , 77692 , 77694
83153 , 83152 , 98547 , 83154 , 81860 , 85401 , 85400 , 85404 , 83900
90593 , 71130
70381 , 74958
77664 , 73845 , 77623 , 78329 , 104026 , 79581 , 77757 , 74972 , 74974
69971 , 71058 , 75813 , 70421 , 69877 , 92326 , 69929 , 71096 , 71053 , 91711 , 69967
83730 , 83733 , 74135
75265 , 75264 , 75268 , 100804 , 75263 , 75262
75559 , 69786
86608 , 97763 , 103339 , 96090 , 95372
87912 , 94300
85371 , 107086
95570 , 85141 , 96169 , 112955 , 87294
85829 , 98676 , 85737 , 89340 , 93695 , 83118 , 88206
76775 , 76779
79846 , 79851
77074 , 99012
103833 , 88636
69667 , 69955 , 69957 , 69959 , 69958 , 69961 , 69960 , 69644
96850 , 70871 , 96697 , 94973 , 91132
98293 , 98297 , 98296 , 98299 , 98298 , 98300
70145 , 82192 , 91315 , 88180 , 70331 , 70379 , 72315 , 90859 , 69658 , 97420
72699 , 72686
82937 , 82938
90789 , 95563
100647 , 79561
96274 , 96347 , 96714 , 101818
84978 , 84996
74961 , 80678
70551 , 73865 , 107353 , 70589 , 84316 , 96172 , 70591
93047 , 72809 , 83369 , 72812 , 70156 , 82927
93761 , 91264 , 93488 , 92275 , 92132 , 93497 , 95593 , 93496 , 98923 , 91932 , 106063
73399 , 73401 , 70283
115145 , 106031
111761 , 111760 , 111763 , 111762 , 111764 , 111759 , 111758
113666 , 113661
95890 , 114285 , 84732
