72176 , 91666
99074 , 99077 , 113151
86881 , 86704 , 86835 , 86850 , 86839 , 86886 , 86797 , 86829 , 86878 , 86862
83633 , 83632 , 83635 , 73573 , 83636 , 83638 , 83641 , 83611 , 83610 , 81309 , 81308
71700 , 71670
97745 , 97747 , 97751 , 103511 , 103512 , 97752
92165 , 92164
96261 , 96265
104453 , 104452 , 104455 , 104454 , 104441 , 104440
93365 , 99165
102420 , 102397
79480 , 80286
102226 , 89350 , 111049 , 110184 , 111050 , 111052
78695 , 89262
100673 , 108243
73741 , 73743
71280 , 80306
114707 , 114706
95591 , 95590 , 95574
114709 , 114710
97533 , 115502
74576 , 74579 , 76996 , 76998
109281 , 109988 , 109992 , 89163 , 109994
89045 , 95306 , 95292 , 89038
85155 , 71260 , 81198
114731 , 114703
73741 , 73743 , 73758
93709 , 86572
116120 , 116124 , 70926
73720 , 73804
105153 , 105152 , 105154
88107 , 88094
70435 , 70437 , 70436 , 70438 , 78774
75813 , 75816
111984 , 111980 , 111982
110637 , 110638
96305 , 96298
116129 , 116073 , 116047
79873 , 106002 , 106006 , 106009 , 106008
93635 , 93634 , 93636 , 93643 , 73130 , 93642 , 93644
82561 , 71916 , 82556 , 82558
97769 , 94844
73713 , 73714 , 73863
104501 , 104500
77088 , 86856
69669 , 69706
98389 , 98328
76497 , 76499 , 76493
75040 , 79414 , 75038
88791 , 88792 , 88781
88125 , 88126
86801 , 86835 , 86837 , 86886 , 86838 , 86829 , 86845 , 86860 , 86862 , 86878
88128 , 88127
116768 , 116765 , 116767 , 116766
98367 , 98366
112000 , 111997 , 111998
99904 , 101661 , 101662
75767 , 75916
109363 , 109378 , 99589 , 99590
86073 , 90187
114755 , 114754
99025 , 93728 , 81200 , 98864 , 103200 , 76276 , 103197
73820 , 73775
81778 , 90390
80419 , 108139
81993 , 81994
109275 , 109274 , 109276
98385 , 98371
106573 , 106574
73056 , 70456
110674 , 110669
100083 , 100082 , 100084 , 100086 , 100075 , 100079 , 100078
116822 , 116808
77535 , 74495 , 77502
73809 , 73814
77905 , 77908
99843 , 99842 , 88661 , 88660
102486 , 102489
73819 , 73820
112739 , 112725
110690 , 110683
94309 , 94301
73384 , 74264
107953 , 90576 , 104773
106595 , 106596
100450 , 100452
106597 , 106598
72514 , 112007
73832 , 73834
102504 , 102508
77874 , 77993
82029 , 82028
110641 , 110608 , 110640 , 110643 , 110642
114389 , 115879 , 114015
86751 , 81406
90224 , 90226
83536 , 116053 , 116031
110065 , 72832 , 73267 , 94420 , 110052 , 110055 , 110057 , 110073 , 73674
98419 , 98418
84089 , 84075
77939 , 77938
99312 , 93429
82243 , 94322 , 102200
112756 , 112762
114084 , 115530
77965 , 77919
102049 , 98898
94947 , 71257 , 96185
109045 , 109044 , 89356
98426 , 98431
98336 , 98339 , 98338 , 98341 , 98327 , 98330 , 98333 , 98335
73387 , 70954 , 73389 , 73341
75901 , 75900
84096 , 84095
69766 , 69626 , 69756
75872 , 75938
108680 , 108667
82058 , 71260 , 73660 , 76382
100483 , 100484
98434 , 98437
75841 , 75843 , 75842 , 75848
116870 , 116873
114823 , 114822
71090 , 71083 , 71087
88835 , 88834 , 88838
85698 , 88357 , 88356
108681 , 108682
112772 , 112782
108649 , 80046
104588 , 104590
110338 , 82460
80004 , 80027
80020 , 80009
80289 , 80833 , 80830
94355 , 94356
82916 , 75142 , 82920 , 82907
104595 , 104597
80020 , 103496 , 103502
108581 , 108580 , 108583 , 108582 , 108585 , 108584 , 108587 , 108586
110741 , 110748
95351 , 81082
109728 , 115861
116888 , 116893
86545 , 96857 , 96873 , 96863
85152 , 87195
75937 , 75934
85157 , 113400 , 113052
88221 , 88223
107832 , 105483
73399 , 70283
89025 , 87712 , 89013 , 89018 , 89023 , 89022
116823 , 116809 , 116824 , 116810
82058 , 71260 , 76382
104672 , 100452
73426 , 115320
110746 , 110767
82081 , 82095
116905 , 116904
98475 , 98476
112818 , 112807
113937 , 113938 , 113944 , 113931 , 113932
92333 , 92332
71280 , 96085 , 96084 , 96086 , 99565
94384 , 94383
112819 , 112809
115539 , 77327
110859 , 110684
86193 , 86199
88871 , 88873 , 88856
86130 , 86268
114873 , 114872
87505 , 87504 , 87503
100535 , 100542
71361 , 71267 , 71367 , 71368 , 71359
87507 , 87509 , 87511 , 77821
114874 , 114879
110779 , 110782
114877 , 114876
111703 , 111719 , 111702 , 111721
113441 , 113451 , 113453
97393 , 97395 , 97378 , 97381 , 90965 , 97396
93905 , 70930 , 98420 , 98423 , 77292 , 93884
113975 , 113974 , 113965 , 113903 , 113902
116929 , 116930
85393 , 91121
113798 , 115967
105891 , 110450 , 99448
92812 , 95999
101764 , 95236
98865 , 98135
89685 , 70877 , 89693
101165 , 101164 , 101167
92241 , 79920 , 74096 , 79810 , 83829 , 92245 , 79837 , 92239 , 79838
75974 , 75977
94407 , 94411
93204 , 71036
82132 , 90300
94409 , 94408
93440 , 83092
104648 , 104653
89625 , 91004
100627 , 102268 , 100622
108749 , 108748
83585 , 87498 , 82970 , 90426
104545 , 104549 , 104552 , 104556
69841 , 69838
109314 , 112055 , 112054 , 79837 , 107340
97683 , 80020 , 88957
77908 , 98636
112849 , 112848
69840 , 69846
116193 , 116194 , 116190
77714 , 74264
77088 , 87179
108672 , 112936
93986 , 93990 , 90989
82136 , 82140
91264 , 93497
88289 , 88286
97559 , 103599
86915 , 96035 , 96028
108385 , 105059
82144 , 82149
96485 , 96489
71280 , 93554 , 93541 , 93543 , 93542 , 93545 , 93544 , 93551 , 93550
106739 , 106714
100592 , 100579
113479 , 113478 , 113480
104680 , 104682
101729 , 101728 , 71280 , 101730 , 97883 , 99565
82152 , 82158
106464 , 111109
113456 , 113460 , 80777
106861 , 106620
88320 , 88297
94454 , 94457
87413 , 79418 , 79422
104136 , 88874
74007 , 73947
94456 , 94458
108793 , 108794
76547 , 76537 , 76539 , 76541 , 76543 , 76542
83939 , 92743 , 83929 , 83951
102652 , 102654
73685 , 115242
100577 , 75397 , 76216 , 100572
78098 , 86068 , 86072 , 86077 , 86078
104705 , 104706
112899 , 112894
101633 , 101632 , 101634 , 92693 , 101637 , 101624 , 101629 , 101631 , 101630
75265 , 75264 , 75263
96519 , 96509
104712 , 107645 , 107646
82179 , 82178
106673 , 106672 , 106670
76177 , 75902
107172 , 98154
76642 , 76614 , 76646
92320 , 92530
86852 , 73421
112903 , 112911
117008 , 116997
117003 , 117002
88003 , 88054 , 86618
80147 , 80137
86614 , 90060
86288 , 86290
88273 , 86150 , 88271
113511 , 113510 , 113497
94139 , 78442
94485 , 94484
79795 , 78534 , 79791
117015 , 117016
71700 , 84075 , 98735
80125 , 80175
80739 , 80741 , 80740
76035 , 76079
116241 , 116240 , 116243
86388 , 86391 , 85835
80760 , 79549
85155 , 84869 , 91211 , 90859 , 101675 , 82058 , 101677 , 101676 , 72046 , 81198 , 95416 , 71260 , 73660 , 94940 , 85151 , 76382 , 89982
79379 , 79383 , 79375
105732 , 87355
104882 , 92299
113712 , 113709 , 76253
96784 , 96781 , 96780 , 96783 , 96782
101665 , 101664 , 74130 , 101666 , 106966 , 106973 , 84332 , 101663 , 70638 , 88878
102545 , 102544 , 102549 , 102543
98401 , 96979 , 105811 , 105810 , 110370 , 105812
93377 , 93376 , 93379 , 93891 , 93890 , 93378 , 93381 , 93380 , 93892 , 93383 , 93385 , 93389 , 93388 , 93391 , 71321 , 93369 , 93373 , 93375 , 93374
70005 , 73940
76073 , 76074
73923 , 73924 , 73929
114992 , 114987
74029 , 74030
113430 , 113419 , 113418 , 113421 , 113420 , 113423
76096 , 76063
112505 , 97002
70929 , 73491 , 70930 , 73494 , 70925 , 70926
84625 , 76323 , 78710 , 84534
96562 , 96564
101703 , 101705 , 101704 , 101706 , 101695
72809 , 70156 , 82927
79256 , 72909
94693 , 110725
92381 , 104844
90419 , 90421
112951 , 112950
69856 , 70037
96572 , 96575
96578 , 96569
84285 , 84284
104763 , 104765
78149 , 78137
90432 , 90431
100676 , 100665
104020 , 101416
80564 , 70214 , 80571 , 96972
82147 , 82343
81216 , 87375
90925 , 98143
92483 , 92489
73765 , 107111
110618 , 86620 , 110622
115017 , 115016
69959 , 69961
98787 , 96084 , 98791 , 98775 , 98774 , 98806 , 98776
99666 , 77124
100817 , 101091 , 110162 , 112621 , 96158
108875 , 108879
80564 , 80571 , 89387
87332 , 77178
88407 , 88392
92125 , 92863
104788 , 104777
97409 , 97408 , 97411 , 96146 , 97413 , 97403 , 97407
112960 , 112963 , 112965 , 112964 , 112966 , 112969 , 112971 , 112970 , 112973 , 112975 , 112974 , 112981 , 112980 , 112983 , 112985 , 112984 , 112986 , 112989 , 112924 , 112988 , 112991 , 112990 , 112993 , 112992 , 112928 , 112995 , 112994 , 112997 , 112996 , 112998 , 113001 , 113003 , 112938 , 113002 , 112941 , 113005 , 113004 , 112943 , 112509 , 112958
83555 , 84329 , 84331 , 84330
80209 , 80211
91832 , 76780
95408 , 95399 , 95402 , 95406
82263 , 82264
94548 , 94555
112183 , 112182 , 112189
71523 , 71522 , 71940 , 71943 , 71944 , 71902
84513 , 84512 , 84523 , 84522 , 84510
78657 , 85872
72627 , 72535 , 72621
96605 , 96604
97202 , 71335 , 97207 , 76028 , 97199
93075 , 93074 , 93078
113009 , 112978
86369 , 86370
100705 , 100704
90473 , 90456
96033 , 96034 , 95358
115953 , 115959 , 115961 , 115960 , 115963 , 115962 , 115964
96311 , 92824
98423 , 89387 , 80571 , 94108 , 96990
82280 , 82282
111712 , 111705 , 111704 , 111707 , 111706 , 111709 , 111708 , 111710
112962 , 113045
103619 , 97811
74091 , 74090
70092 , 69900
89074 , 95974
88999 , 89001 , 88975
74130 , 98634
78242 , 80998 , 78235 , 78234 , 78236
102769 , 102770
86389 , 86382
109227 , 84973 , 97359
102613 , 102612 , 90221 , 102607
108906 , 108925
84129 , 84176 , 84178 , 84126
90257 , 90707
71235 , 71236 , 71261
96627 , 96626
104817 , 104824
99719 , 109927
114752 , 90681 , 114751 , 114750
110969 , 110970
90491 , 90490
84352 , 84351
94595 , 94598
82049 , 82977 , 82976 , 82048 , 82979 , 82978 , 81832 , 73324 , 81839 , 81937 , 82993 , 82992 , 83059 , 75698 , 82994 , 81941 , 82997 , 82996 , 72278 , 82998 , 75710 , 76734 , 82046
78417 , 82112
70025 , 70027
104865 , 108919
71264 , 71263 , 71262
98816 , 102691
104849 , 104850
71280 , 97881 , 97883
95840 , 95842 , 95839
92577 , 92547
71280 , 91640 , 75453
99939 , 99941 , 99940
90439 , 91926 , 90440 , 89578 , 90442 , 91934 , 86830
94613 , 94618
78608 , 96771 , 83481
79456 , 79477 , 79454
86089 , 82666
113046 , 113050
82900 , 82902 , 82909 , 82908 , 82895
82049 , 82977 , 82976 , 116211 , 82994 , 82978 , 82996 , 109238 , 109241 , 76734 , 99902 , 82046
115105 , 115098
92196 , 92183 , 74495
76252 , 76127
100764 , 100766
96677 , 96662
70930 , 84249 , 70926
76733 , 76732 , 76735
98758 , 98680
86432 , 86429
106917 , 106909
78240 , 78243
102882 , 110943
88480 , 88468 , 88475 , 88474 , 88476 , 88479 , 88478
115354 , 114862
88486 , 88488
108976 , 108959
111015 , 111016
84389 , 84393
85832 , 88731 , 88733 , 88732 , 88735 , 77550 , 88734
70777 , 101229 , 95087
101123 , 81588 , 104857
77361 , 75044
85155 , 81043 , 82058 , 90954 , 73660 , 71260 , 84271 , 76382 , 81198 , 89982
86444 , 86446
108973 , 108974
104883 , 104870
101319 , 101321 , 101320
102832 , 102828
77459 , 71220 , 77465
113075 , 113076
108979 , 108978
70930 , 83770 , 83743
115328 , 114488 , 114490 , 115324
80688 , 104101 , 71525 , 104103 , 104102 , 93403
82065 , 84359 , 81832 , 84398
96693 , 96692
110931 , 102940
86198 , 86182 , 86200 , 86187 , 86188
91779 , 93423
96696 , 96698
98737 , 98752
78257 , 78271
84408 , 84412
106375 , 107502
82357 , 82373
116354 , 116349 , 116350
92385 , 92384 , 92376 , 92383
111037 , 111039
108993 , 108992
95794 , 93518
85106 , 85095 , 76683 , 76635 , 79707 , 85098
104689 , 106149 , 106151 , 106150 , 106153
104947 , 104946 , 104949 , 104948 , 104950 , 104953 , 104952 , 104955 , 104938 , 104956
102773 , 94735
111044 , 111046
88514 , 88518
96723 , 96700
116565 , 116571 , 107738
112263 , 112264 , 112251
70821 , 93933
76247 , 76223
84427 , 84428
82226 , 82216 , 82236
69889 , 87809 , 82210 , 90439 , 90440 , 90442 , 89578 , 82188 , 82190 , 86830 , 82205 , 82204 , 82207
86477 , 86478
92624 , 92622
115776 , 115779 , 115778 , 88567 , 115783 , 115785 , 115786
115424 , 90300
90575 , 90574
91792 , 91785 , 91787
86835 , 86839 , 86886 , 86845 , 86860 , 86862
70930 , 75238 , 75240 , 75242 , 75231 , 71422
82385 , 82386
91633 , 91635 , 91637 , 91636 , 91638 , 91627
99169 , 99168 , 85155 , 84869 , 91211 , 82058 , 81198 , 71260 , 73660 , 94940 , 85151 , 99166 , 76382 , 89982
93345 , 83555 , 93347 , 70139 , 92218 , 104926
96726 , 96731
89074 , 74495 , 99519
99875 , 97986 , 99879 , 99881 , 99880 , 72184 , 99883 , 99882 , 99854
113113 , 113116
102877 , 102878
113178 , 96670
113068 , 113071 , 77918
100833 , 100834
94689 , 94687
113123 , 113118
97463 , 115479 , 70648
114135 , 114406 , 114409 , 88095
111859 , 111858 , 111855 , 111854
80853 , 70711 , 70839 , 80582 , 70712
108416 , 106722 , 108165 , 108283 , 108284 , 108270
101123 , 81588 , 95655 , 81591 , 95673
86501 , 86500
115175 , 115176
78308 , 78313
111856 , 111860 , 111864 , 111866
92647 , 92652
105457 , 105459 , 105458
80516 , 84301
96745 , 96744
100465 , 100464 , 100451 , 83170 , 77128 , 100463
72647 , 72713 , 72714
111084 , 111086
106987 , 106990
84461 , 84460
86512 , 86511
83829 , 76904
78157 , 78156 , 78158
110897 , 110898 , 110974
101364 , 101367 , 101366
97041 , 84180
110976 , 113527 , 113531 , 113532
89081 , 89082 , 89084
115193 , 115192
71445 , 71444 , 79303
84472 , 84479
115195 , 115194
80801 , 112675 , 112658 , 112680
78333 , 78334
98640 , 98647 , 98646
96768 , 96761
80381 , 80383
96767 , 96766
105761 , 71280 , 102516
76533 , 80139
116887 , 76650
86357 , 86356 , 86359
92297 , 88957
80339 , 88626
86056 , 78813
71280 , 108496 , 108484 , 97881 , 108505 , 108491
84483 , 84486
69875 , 86811
87026 , 98333
80674 , 71915
88577 , 88592
104707 , 104709 , 104708 , 104713
90697 , 86477
113049 , 113275
92673 , 92697
96774 , 96793
104119 , 104120 , 104108
91281 , 102801 , 102800 , 102787 , 102803 , 102802 , 102786 , 102804 , 102788 , 102806 , 102825
90642 , 90639
92113 , 92112 , 92114 , 92116 , 85254 , 92127
102753 , 102755 , 102749
107033 , 107020
80146 , 106564 , 80150 , 86024 , 74844 , 109919
80092 , 80718
108956 , 113294
80404 , 80407
109077 , 109076
81447 , 79366
109606 , 116760
78753 , 78752 , 78754 , 79300 , 78751
100033 , 100032 , 100036
88896 , 91483 , 82858
70930 , 98423 , 93884
70177 , 70175
102946 , 78367
70186 , 70172
84407 , 84621
72425 , 100700
72229 , 72228
111143 , 111144
93488 , 91932
70259 , 88301 , 88300
98859 , 98858
83648 , 83660 , 83663
109121 , 109081
104256 , 104265 , 104267 , 104266 , 104255
109104 , 109096
80422 , 80441
115248 , 115246
109105 , 109106
76336 , 76339
92018 , 75142 , 92009
98573 , 98589 , 98588 , 98590
115251 , 115252
100915 , 100916
76341 , 76335
94770 , 94776
72204 , 72284
90706 , 90653
105013 , 105017
112016 , 110307
92729 , 92730
79153 , 79083 , 84574
74307 , 74297
107541 , 107542 , 107545 , 107544 , 107546
108609 , 108608 , 113088 , 113079 , 108605 , 108607
72928 , 100261
80454 , 80447
115403 , 90559
86308 , 86311 , 86294 , 86313
92753 , 92741
97922 , 75285
105035 , 105034
110981 , 110983 , 110982
84592 , 84521
73136 , 73141 , 73177 , 73131 , 73135
98519 , 99276
80465 , 80468
80467 , 80466
100945 , 100951
91873 , 91875 , 91876
90755 , 99252 , 99255 , 92860
90691 , 98925
96859 , 96860
105049 , 105051
86620 , 86622
92773 , 92758
116595 , 81223
98784 , 107229
111209 , 111195
76389 , 76390
96869 , 96868
80485 , 80487
97346 , 97352 , 97355
80489 , 80488
92576 , 112027 , 112028
102997 , 102996 , 102983 , 102998 , 102985 , 104783
113744 , 113725 , 113742
98816 , 82152 , 98815
88682 , 88698
94834 , 94840
99376 , 99381 , 99373 , 99375 , 99374
76451 , 76360
102308 , 103750
92161 , 89319
105075 , 105077
106707 , 106709 , 106710 , 106699 , 106701 , 106700
92784 , 92798
79458 , 77452
86514 , 115453
89039 , 117023
113273 , 113274
79377 , 106212
83558 , 115113 , 113902
70930 , 102066 , 102118 , 84027 , 84506
84609 , 84610
74370 , 74367
95074 , 97074 , 97079 , 97080
72315 , 72330
70323 , 94808
85661 , 95854
111155 , 86743
110999 , 111035 , 111036
90754 , 90764
107395 , 107394 , 107398 , 107388 , 107391 , 107390
109185 , 109196
72288 , 72365
108593 , 71280 , 93939 , 108594 , 93941 , 108597 , 108590
84617 , 84619
83266 , 83268 , 83271 , 83270
90747 , 90778
112241 , 90720 , 112242 , 90717 , 86908
105507 , 105506 , 111410 , 111396 , 111412 , 108937 , 111421 , 111423 , 111422
109199 , 109198
74384 , 74381
113296 , 113292
80529 , 80530
103057 , 103056
107153 , 107152
76433 , 76432
82819 , 82821 , 82820 , 82823 , 82822 , 82825
94869 , 94870
94874 , 94862
88725 , 88727
81400 , 91960
71441 , 71443 , 71442
107659 , 77147 , 107340
109206 , 109214
109210 , 109215
96932 , 96922
78496 , 78495
82118 , 71626 , 93358
73729 , 83425 , 83426 , 74405 , 83428 , 98871 , 76919 , 98875 , 73725 , 73727
81003 , 81002 , 81004
78490 , 78509
84643 , 84642
86389 , 74426 , 90398
106835 , 106837 , 106836 , 106838
113369 , 113278
80997 , 81017 , 81020
109228 , 109230
96938 , 96943
92034 , 92020 , 92023 , 92022 , 92024
83154 , 85401 , 85400 , 85404 , 83900
113329 , 113327
84669 , 84655
113553 , 113552 , 113554 , 113556 , 113551 , 113550
74425 , 74426
98999 , 99002
107195 , 107196
90811 , 90812
102597 , 102598 , 82920
84561 , 86233 , 87032 , 87371 , 87355 , 95739 , 89003 , 95723 , 82236 , 74495
113348 , 113334
113349 , 113333
113344 , 113343
115374 , 115406
80571 , 96972
115161 , 115162 , 115164
92865 , 92872
75008 , 86153
115399 , 115400
82210 , 82205 , 82204 , 82207 , 82190
112193 , 112194 , 83545 , 112173 , 112191 , 112190
91489 , 91490 , 91495 , 91499
74242 , 74130 , 74237
83093 , 84696 , 71210
107211 , 107212
78536 , 78540
70349 , 70350
110013 , 112605
115405 , 115404
111309 , 111308
100998 , 101148
82641 , 82642
111313 , 111312
100153 , 100155 , 100143
115411 , 115413
115415 , 115416
113363 , 113371
109271 , 109270
89735 , 89711 , 108734
72985 , 108696
72410 , 72412
78549 , 78559
88016 , 93909 , 93975
106851 , 83032
80593 , 80621
86487 , 82923
105185 , 105184
96994 , 96996
88432 , 88440 , 88429 , 88430
116545 , 116556 , 116543
91116 , 90588
82661 , 82660
107425 , 107415 , 107416 , 107419 , 107404 , 106399 , 78894
115601 , 115602 , 115623 , 115625 , 115624 , 115626
83847 , 83862 , 83864 , 83848 , 83866
113665 , 113664 , 92338 , 92457 , 113662
81459 , 87966
104258 , 104262 , 104264
94953 , 94959
111349 , 111338
80880 , 80365
110903 , 111786
79697 , 79708 , 79678
110965 , 110964 , 110984 , 110972
84729 , 84730
85157 , 85159 , 85158
90099 , 88134 , 114110
103163 , 103164
91971 , 91989 , 91993
94992 , 99045
99065 , 99067
83585 , 102696 , 101962
111831 , 102694
74495 , 74494
102673 , 107483 , 102671
82465 , 82416 , 82418
80629 , 80652
99074 , 99077
102913 , 102912 , 102911
96645 , 96647 , 96633 , 96648
97025 , 97031
82673 , 82711
72626 , 72284
111363 , 111369
115466 , 115469
105229 , 105230
95889 , 94090
94985 , 94991
86741 , 89354 , 88188 , 89534
112629 , 81447
82058 , 71260 , 73660 , 89982
70822 , 98686
75621 , 75620 , 75611
111398 , 111358
86836 , 82678
108645 , 106916 , 108647 , 108646 , 72537
113431 , 113432
88853 , 88858
112850 , 91428 , 100414
80663 , 80668
103190 , 103195
86231 , 97767 , 97766 , 97757 , 97759 , 97758
78616 , 78621
99555 , 69974
84772 , 84760
104323 , 104283 , 104285
105238 , 105254
115491 , 115490
116581 , 116582 , 116600
92931 , 92994
105105 , 103586 , 105106 , 105108 , 98791
111388 , 111407
103715 , 87475 , 103716 , 82235 , 103706
115492 , 115494
88901 , 88842
115496 , 115498
102121 , 104570 , 102125
109355 , 109354
88624 , 86516 , 88623
95021 , 95020
107346 , 90893
109360 , 109359
88880 , 88879
115233 , 115227 , 115230
91559 , 90299
70177 , 70176 , 70175
99458 , 99418 , 99469 , 99453 , 99454
74545 , 74544
92816 , 89047
80146 , 80148 , 80151 , 80150 , 86024 , 80136 , 80138
84787 , 84786
74264 , 83021
109367 , 109368
99414 , 74264
88516 , 89256
111417 , 111418
71555 , 71558 , 71529
102311 , 75468
93282 , 84494
115536 , 115495
109370 , 109372
115514 , 115516
109704 , 73068 , 109695
115511 , 115517
103680 , 101507 , 103675
72512 , 72510
101793 , 101794 , 101796 , 101791
77713 , 77714 , 70930 , 92578 , 77732 , 92569 , 84027 , 83770
71045 , 71044 , 71099 , 71101
90563 , 90564 , 74495
99140 , 99142
116610 , 101590 , 115254
101459 , 97683 , 107429 , 102118 , 84506
89872 , 96127
99125 , 99127 , 99128 , 99133 , 99132 , 99135 , 99134
74567 , 74569
107339 , 107340
90483 , 75044
111435 , 111434
101551 , 87615 , 99246
74573 , 74574
115841 , 115840 , 115843 , 115846 , 115848
109389 , 109388
78667 , 78670
93799 , 93798 , 93801 , 93785 , 93800 , 93852
111440 , 111439
86848 , 86879
116098 , 97177 , 116095
74576 , 74579
82058 , 71260 , 73660
99155 , 99154
108432 , 108420 , 108431
78675 , 78680
95061 , 95062
113889 , 113891 , 113892
70487 , 70488
103256 , 103258
85697 , 79859
105302 , 105310
95069 , 95070
107357 , 107356
82048 , 99902
115847 , 115851 , 115850 , 115853 , 115852
101217 , 101218
76648 , 76634
115553 , 115552
76644 , 76636
114897 , 95320 , 114893 , 114895
103267 , 103268
107075 , 107077 , 107076
115557 , 115556
107367 , 107368
115093 , 112021 , 112023 , 112042 , 107612
95664 , 95671 , 95670 , 95661
90983 , 90982
109415 , 109419
105323 , 105324
70930 , 75238 , 77293 , 77292
82805 , 82783
100432 , 83350 , 100429 , 100431 , 100430
83446 , 84089 , 84075
99181 , 99180
97154 , 97117
105328 , 105325
115925 , 102919
111474 , 111470
76683 , 76635
82801 , 82803
115735 , 115406
102529 , 83562
84853 , 84854
83875 , 83877 , 83876
85155 , 90954 , 76382 , 81198 , 89982
113527 , 113531
113702 , 113354
103001 , 103002 , 102974
83552 , 71280 , 83555 , 80020 , 83558 , 77147 , 77146 , 84506
103292 , 103294
84861 , 84862
78725 , 78712
80817 , 80816 , 73971 , 80810 , 80813 , 80815 , 80814
107393 , 107392
76177 , 85365
84900 , 84838
76674 , 76680
69905 , 69873 , 69880 , 69899 , 69901 , 69869 , 69902
74340 , 74916
89345 , 89346 , 89356
94805 , 94810 , 94812
71280 , 71219 , 71332 , 71321 , 71323 , 71324
93069 , 93070
102625 , 102624 , 102631 , 102630 , 102632 , 102621 , 102623 , 102622
101106 , 113707
84881 , 84880
80787 , 80788
78434 , 78437 , 78436
114257 , 116954
101268 , 101271
93941 , 108597
94144 , 83819
74643 , 74646
107426 , 107404
82056 , 82058 , 71260 , 73660
94999 , 95260
80793 , 80794
81993 , 100072
109457 , 109476
107424 , 107417
94736 , 99625
114560 , 112575
69875 , 69879 , 69894 , 70214 , 69878 , 69900
76741 , 76664
111528 , 111516
99237 , 99238
98931 , 98930 , 98919
85047 , 85046 , 110303
82848 , 82859
105432 , 110011 , 110010
95138 , 95142
82855 , 82854
74264 , 99642
83256 , 74266
109481 , 109482
111523 , 111538
86649 , 74971
90680 , 90556 , 90974
103340 , 103342
113205 , 113204 , 113208 , 113197 , 113196 , 113199 , 113198
72624 , 72622
101296 , 101293
101295 , 101294
74359 , 74358 , 74351
70099 , 70103 , 70109 , 70111
94819 , 94884 , 94815
85589 , 85590 , 79544 , 85515 , 85563 , 79802
86653 , 86652 , 86638
89078 , 88942
105233 , 105235 , 91707 , 105231
82871 , 82870
113592 , 113595
112001 , 93971 , 93941 , 112006 , 111994 , 93948 , 111996 , 93951 , 111999
91250 , 86782
84739 , 84762 , 84765 , 84764 , 84767
70292 , 70281 , 70234
82875 , 82876
107450 , 107452
86971 , 86970
115649 , 115641
115648 , 115647
70592 , 70590
71973 , 77402
92244 , 112535 , 112537
92149 , 98189
91504 , 85160 , 91502
107457 , 107455
113603 , 113602
71637 , 71639 , 71640
104347 , 108396 , 108668
88881 , 89175
84914 , 84951
95170 , 95175
83930 , 83933 , 83932
99555 , 90798
101681 , 101680 , 101679
93361 , 93360 , 93362 , 83158 , 93354
74732 , 74671
106513 , 106515 , 106514 , 106517 , 106516 , 75562 , 106510
80848 , 80851
105959 , 105961 , 105960 , 105962
102453 , 102973 , 102972 , 103166
74721 , 74701
99184 , 99391
109527 , 109526
75769 , 75741 , 75740
73414 , 73435 , 77211 , 73434 , 77214
82680 , 91323
80564 , 70214 , 80571
90593 , 71130
86996 , 87017
69931 , 80714 , 80716
99826 , 99828 , 99831 , 99821
76775 , 76779
83589 , 80580 , 83593
113640 , 113642
89065 , 89066
113637 , 113643
76778 , 76780
110465 , 116825
93170 , 93158
110164 , 92555
72686 , 89070
95215 , 95214
100343 , 100344 , 100332
78808 , 78858
94736 , 94690 , 94692 , 94735
103409 , 103410
101617 , 101619 , 101618 , 101621 , 101639 , 101641 , 101640 , 101642
94883 , 94863 , 94895
84775 , 84774 , 84776 , 84796 , 84798
70777 , 95087
72699 , 72686
75793 , 75795 , 75716
75793 , 98269
107511 , 107515
115704 , 115706
82937 , 82938
79494 , 115051
107512 , 107516
113666 , 113661
77616 , 100559
77315 , 77314 , 77316 , 77309
82050 , 83704 , 82061
92177 , 86006
101392 , 101371
80964 , 80838
96620 , 73375
93285 , 93097
98993 , 98994 , 98984
77147 , 77146 , 77149
114008 , 114010 , 114015
78871 , 78847
109581 , 109580
99347 , 99348
86858 , 87261
85475 , 84546
94593 , 81874 , 83874 , 103606 , 106171 , 106170 , 106172 , 102607 , 106175 , 106174
82964 , 82967
97305 , 97295
70656 , 70696
94885 , 99722
88594 , 88581 , 88585 , 88584
99344 , 99358
80116 , 98107
72726 , 72729
99874 , 99563 , 101674
114021 , 114020 , 114023
93345 , 106240 , 83555 , 79698 , 106248 , 95739 , 104926
93216 , 93218
107557 , 107558
99811 , 104054 , 99864 , 99804
70403 , 70405 , 70404 , 70406 , 70409 , 70408 , 70411 , 70410 , 70413 , 70412 , 70415 , 70513 , 70512
95271 , 95272
105510 , 105512
99371 , 99372
70930 , 95511 , 84249 , 70926
111664 , 111654
114032 , 114037 , 114039
116773 , 116756 , 116774
116771 , 116770 , 116761
103472 , 103471
78896 , 78894
76331 , 76330 , 74762
93299 , 76780
80943 , 80942
92677 , 89691
70705 , 70704
82992 , 82997
96913 , 71280 , 76627 , 84934 , 103003 , 84731 , 86810 , 101804 , 102956
85047 , 85046
78502 , 95017 , 78493
86770 , 96549 , 96550 , 96539 , 84511
71297 , 71312 , 71296 , 71299 , 70725 , 71300 , 71309 , 71311 , 71295
83489 , 83488 , 83472 , 83490
76907 , 76810
104489 , 104491 , 104490
101763 , 101755 , 101754
100391 , 100392 , 100395
97347 , 97338
82784 , 90560 , 82787
104960 , 70791 , 104958
110993 , 110994 , 112788 , 113870
99395 , 99394
114586 , 108783
84513 , 84512 , 84522 , 84510
80980 , 80955
102168 , 100735
101346 , 109753
101456 , 101455
77206 , 77115 , 77261
109654 , 109640
109540 , 109529 , 106716
115796 , 115791
72761 , 72810
115493 , 95611
93266 , 93268
107607 , 107599
98981 , 95743
113749 , 113752
105559 , 105558
98661 , 93977 , 93965 , 92447
90935 , 95615
115009 , 97600 , 115008 , 115010 , 114985 , 114984 , 114986 , 114988 , 80177 , 114995 , 114997 , 114998 , 115002 , 115005 , 115004 , 115007 , 115006
86758 , 86761 , 86760
89176 , 89183
115805 , 115806
76355 , 85624
70728 , 70778
74850 , 74853
93273 , 93292
101476 , 101479
85985 , 85987 , 76042
111056 , 112381
115815 , 115814
99105 , 99104 , 99107 , 99106 , 99108 , 77782 , 99113 , 99097 , 99101
90875 , 90845 , 90879
99435 , 99436
101484 , 101486
83072 , 83036
94338 , 106162 , 100774
114065 , 97883 , 113902
93297 , 93298
114915 , 114917 , 100644 , 114916 , 93465
78965 , 78958
110097 , 109264
90929 , 90842 , 90844
77146 , 79837 , 97228 , 79838
108089 , 108090 , 108092 , 108094
87649 , 70285
87329 , 87328 , 87331 , 87316 , 87319 , 87320 , 87327 , 87326
110137 , 110136 , 110139 , 110141
111111 , 91883
91586 , 95746 , 95749 , 90743 , 90742 , 90745 , 95032 , 91736 , 99103 , 99102
94100 , 93988 , 70118 , 84265 , 93995
71280 , 103045
94816 , 91174 , 94829
91261 , 91262
70770 , 70791
70789 , 70772
85414 , 85418 , 85422
81042 , 81006
116105 , 115576
101777 , 101824 , 101813
90710 , 90681 , 90682 , 90685
70787 , 70788
99272 , 107163 , 107167
110001 , 110000 , 109998
113799 , 113798
103561 , 103562
112099 , 112100 , 103303 , 113096
74891 , 74890
83073 , 83102
79410 , 79437 , 79436 , 79438
76273 , 114478
77729 , 100732
81039 , 81038
103569 , 103570
90432 , 112291 , 90431
79963 , 78026
113808 , 113816
109717 , 109720
74783 , 75022
95383 , 95387
95060 , 86823 , 86824 , 96637 , 96494 , 97582
83780 , 89416 , 74927
96163 , 96162 , 84474
112896 , 110648
109730 , 109724
105631 , 105630
103587 , 103588
107683 , 107684
111073 , 111065 , 111067 , 111066 , 111071
77261 , 84862
93700 , 97092
89670 , 89672 , 89677 , 85614
109735 , 109734
114113 , 114121 , 114122
83110 , 83117
83829 , 98780
90416 , 90403 , 90411 , 90410 , 90413 , 90412 , 90415 , 90414
83109 , 83125
95409 , 95400
86416 , 86419 , 86418 , 86420 , 86404 , 86415
100160 , 100164 , 101078
115887 , 115886
111793 , 111791
104945 , 111556 , 111572 , 111641 , 111564
105657 , 105658
113849 , 113848
111389 , 111404 , 111406
101714 , 89118
105659 , 105660
81051 , 79469 , 79470
72890 , 72893
96721 , 97440 , 96722 , 97430 , 97432
79027 , 79042
77551 , 96911
110614 , 96616
83091 , 83180
85155 , 102486 , 102489 , 95416 , 82058 , 95978 , 73660 , 71260 , 76382 , 89982
99249 , 99250 , 74264
104915 , 98626 , 105282 , 95023
87828 , 87815 , 85337 , 87816 , 87818
103184 , 71280
113857 , 113856
105626 , 105709
93384 , 93372
95427 , 95426
76996 , 76998
111808 , 111819
81587 , 81589 , 81590 , 81593 , 81592
114389 , 114010 , 114015
89295 , 89279
81094 , 81097
97155 , 97156 , 97158 , 97148 , 97151
87524 , 95151
89305 , 89274
91889 , 91895 , 91894 , 91881 , 91880 , 91883
111815 , 111818
81282 , 89108
70183 , 96109
105826 , 93234
85155 , 84869 , 91211 , 82058 , 71260 , 73660 , 94940 , 85151 , 81198 , 76382 , 89982
110401 , 110400 , 110403 , 110402 , 110405 , 110404 , 110407 , 110411 , 110410 , 110413 , 110412 , 110415 , 110414 , 71321 , 110424 , 110395 , 110396 , 110399 , 110398
111127 , 111223 , 111078 , 107590 , 111094 , 107593 , 111227 , 69916 , 111228 , 111230
85197 , 85196
109775 , 109774
81123 , 81082
90736 , 90725 , 90727 , 90728
97288 , 93597
74963 , 74962
105685 , 105686
97904 , 97897 , 97901 , 97903
83158 , 83164
81133 , 81102
85217 , 85207
109429 , 106062
115937 , 115938
74993 , 74960
101865 , 101867 , 101868
70883 , 70884
96401 , 96416 , 96402
77191 , 97451 , 71213 , 72047
95529 , 112296 , 114734 , 110030
111847 , 111846
103657 , 103658
107752 , 107754
113897 , 113896
113899 , 113898
93424 , 93413
101873 , 101875 , 101871
75793 , 98759
99561 , 99567
104609 , 104608 , 104606
91373 , 91372
103665 , 103664
104459 , 106971
116897 , 116896 , 116895
70055 , 71741
107765 , 107764
100516 , 100525 , 100510
86580 , 75142 , 86574
109815 , 109816
72626 , 72284 , 82910
85106 , 114042
113913 , 113914
105721 , 105720
116017 , 116016 , 116019 , 116021 , 116020
100517 , 100523 , 100524
70909 , 70908
89731 , 89733 , 89735 , 89711
89585 , 80907
104585 , 104637 , 104638
103683 , 103684
116899 , 116911 , 116910
99586 , 99595
115971 , 115977
99170 , 99163 , 99162
77065 , 77069
78086 , 78982 , 78986
109832 , 109837
70441 , 71407
88896 , 82858 , 88878
91153 , 91125 , 91157 , 91126 , 91195 , 91116 , 90588
79153 , 79083
116261 , 116262 , 93657
97543 , 97561
73335 , 73334 , 73336 , 73403
115987 , 115988
74112 , 74103 , 71471
85520 , 85511 , 85519
109843 , 109842
115986 , 115997
73089 , 72877
88713 , 88712 , 88715 , 88716
76208 , 76275 , 76253 , 76204 , 74495
111892 , 111896
83221 , 83229
100539 , 100541 , 100540
93288 , 81356
109853 , 109854
105757 , 105758
111905 , 111898
107805 , 107806
97811 , 97810 , 97817
79899 , 107037
78466 , 71607
114320 , 114317 , 114319 , 114318
89363 , 89395
93776 , 93760 , 85874 , 93759
113955 , 113956
116931 , 116932 , 116922
103611 , 91535
75049 , 75039
79364 , 83019
116863 , 86478
113473 , 113444 , 112807 , 113469
113961 , 113962
108743 , 108742 , 108745
111812 , 112012
73001 , 73003
79163 , 99610
86512 , 86511 , 112254
106512 , 111344 , 85267 , 83161 , 103066 , 70350
87344 , 87342
101665 , 101664 , 101667 , 101666 , 101669 , 101668 , 101671 , 101672 , 101678 , 101655 , 101657 , 101656 , 91483 , 101658 , 101660 , 101663
89392 , 89391
91440 , 91436
107825 , 107826
109339 , 109340 , 107567
81169 , 81237
84385 , 90310
114601 , 113339
91121 , 96135 , 96120 , 96126
103699 , 103765
114211 , 114210 , 114212
95543 , 95544
77109 , 77111
75984 , 75981 , 75983
76241 , 70930 , 84027 , 85706 , 83770 , 85677 , 85676
74762 , 116332
105787 , 105786
95559 , 95545
115427 , 112541
101698 , 101700
91458 , 91461
101696 , 101702
107573 , 111129 , 111128 , 111130
89381 , 89444
93873 , 79312 , 93874 , 87204 , 79304 , 79306 , 79293 , 79311 , 79310 , 79294
71024 , 70943
82818 , 82827 , 82815
112741 , 74280
100571 , 100570 , 100575
115584 , 115595 , 115594
72145 , 72080 , 72083 , 72146 , 72167 , 72168
81235 , 85779 , 85778 , 85781 , 85780 , 85782 , 77321 , 85481 , 81673 , 79583
106149 , 106151 , 106150 , 106153
113698 , 113700 , 111188
86629 , 71741
81267 , 81197
116051 , 116050
108777 , 108765 , 108764
115088 , 115075 , 115091 , 115061 , 115076 , 115069 , 115087
82058 , 73660 , 76382
70945 , 70947 , 70997 , 71015 , 70999 , 71017 , 71001 , 71000 , 71003 , 71018 , 71021
96787 , 96786 , 96789 , 96788 , 96791 , 96790 , 96777 , 96792 , 96779
100929 , 74264 , 100891 , 100890 , 100894
79191 , 79192
103769 , 103770
105819 , 105820
103892 , 103897 , 71321 , 103898 , 103903 , 93374
101859 , 113875
84849 , 95700 , 84332
101725 , 101726
96097 , 96113 , 96115 , 96114 , 96775 , 83558 , 96054 , 97433 , 96776 , 96078 , 96110
111826 , 106763 , 111839
101089 , 100817 , 101091 , 110162 , 97301 , 110164 , 92807 , 92555 , 110158
87378 , 87402
95583 , 95582
102563 , 88292 , 102559 , 102558
98839 , 100527
116403 , 116402 , 116405 , 116404
112305 , 112307 , 112306 , 112313
75793 , 85971 , 86018 , 85989 , 74495
108789 , 108779 , 108778
91489 , 91499
81259 , 81258
74260 , 72425 , 78617 , 74328 , 74264 , 78636 , 78622
79972 , 94839
89981 , 101214
107451 , 108318
89891 , 89877 , 85159
105512 , 114360
109938 , 109940
82994 , 82046 , 99902
90432 , 116847 , 90431
89461 , 89463
103123 , 99347 , 103124 , 103127 , 103126 , 103161 , 103129 , 103128 , 103150
114041 , 114040
101753 , 101752
97654 , 97659
102843 , 104764
75130 , 75132
109945 , 109949
102039 , 93278
100550 , 70191
71648 , 71620 , 71623 , 71419 , 71242 , 71246
71115 , 70957
75139 , 75126
116785 , 115406
113773 , 78367 , 113774
85365 , 101768
104804 , 104553 , 104750
116089 , 116104
96369 , 96368 , 96371 , 96370 , 96363 , 96364 , 96367
83317 , 87439
79237 , 79238
75265 , 75264 , 75268 , 100804 , 104775 , 75262
87812 , 91143
93555 , 69666 , 93556
71729 , 90839
101968 , 89272
83829 , 86938
99719 , 99718
115632 , 115634 , 115637
71280 , 95396
79665 , 79669 , 79671 , 87414
90576 , 104773
114061 , 114060
93092 , 89978
91063 , 91064 , 91051
72864 , 106114
112625 , 112610 , 107942 , 107950
112064 , 106455 , 106456 , 90842 , 90844
107747 , 111428 , 89207 , 111431 , 111432
69680 , 75042 , 76514 , 76086 , 76618 , 76604 , 76606
97682 , 97689
89157 , 90731 , 89214
91538 , 91542
116115 , 116117
75793 , 78622
70930 , 75238 , 86598 , 77293
77239 , 73830 , 75338 , 71374
109978 , 109981
82049 , 109241
112031 , 112030
82640 , 82637 , 82639 , 82638
88953 , 90057
109255 , 109273 , 109272 , 109256
81330 , 81298
73415 , 73414 , 73435 , 73434
73537 , 114112 , 114131 , 82098 , 114130 , 89908 , 114100 , 114132 , 114134 , 114105 , 114137 , 114136
71096 , 71053
81328 , 81307
100637 , 70190
81779 , 81778 , 76904
114089 , 114088
116137 , 116139
87268 , 95862
116141 , 116143
82577 , 84172
75185 , 75186
110004 , 109997
108917 , 94700
78866 , 79701
104147 , 104146 , 102738 , 104148 , 73416 , 104141
105910 , 105912
97262 , 89982
75656 , 95210
72290 , 110862
116448 , 74547 , 116450 , 76420
107967 , 107966
102885 , 102884 , 102886 , 102893 , 102892 , 102894
114192 , 114199 , 106822 , 114201
97056 , 73040 , 103403 , 103387 , 103402 , 103405 , 103389 , 103404 , 103407 , 103406 , 103390
91969 , 70176 , 70175
112947 , 112949 , 112922
81349 , 81348
114119 , 114120
70677 , 116601
99783 , 99784
105926 , 105928
75205 , 75212
93641 , 93640
116784 , 99174
87499 , 87500
86808 , 108671
77480 , 85231
112071 , 112079
105670 , 97999
106211 , 106210 , 106213 , 106214
112056 , 112093
78145 , 78146 , 78148 , 78139 , 75418
84275 , 84277 , 84276
91107 , 91109 , 91102
86512 , 112584 , 86511
114193 , 105871
88457 , 114955 , 114956
104016 , 103767
75141 , 75140 , 75142 , 75145 , 75146
73321 , 77119
92479 , 92462 , 92478
70116 , 84425
75225 , 75226
104963 , 104962 , 104933 , 104964 , 104932 , 104934
87992 , 82942
71526 , 71561 , 71560 , 83258
114115 , 114162
111286 , 108798
79324 , 79326
76529 , 76528 , 76525 , 76527
108868 , 108861 , 108862
72930 , 110300
100435 , 99179
110047 , 110046
73365 , 73367 , 73366
112099 , 112100
110516 , 71175 , 71179
106134 , 106138 , 106140
114144 , 114154
70243 , 70258 , 71412
97765 , 97764
116199 , 116200
87032 , 76778 , 76780
93942 , 93401
103913 , 103914
85485 , 85486
81364 , 81995 , 81261 , 81996
98802 , 88556
113616 , 113623 , 113624 , 116827
82977 , 75710
116208 , 116206
85284 , 85606 , 110633 , 110632
73219 , 73178
115109 , 113215
105190 , 102654
83453 , 83439
110049 , 110095
109569 , 109575 , 70633
114432 , 114427 , 114426 , 114430
84308 , 84311 , 84298
107427 , 112722
108027 , 108026
102192 , 102195 , 102194 , 102189 , 102190
93698 , 93686
113555 , 82028
116225 , 116230
105496 , 98287
91651 , 91652
95745 , 95748
89443 , 89445 , 89451 , 74716
114172 , 114188
78853 , 78852 , 78854
81414 , 81416
79376 , 79359
114183 , 114182
103944 , 103947
71201 , 71154
98677 , 72347
110072 , 110104
111715 , 111714 , 111701 , 111700 , 82393 , 111720 , 111726
87559 , 87566
114189 , 114190
71280 , 111319 , 111318
73232 , 73230
103949 , 103951
93717 , 93709
72096 , 78466
116345 , 116344 , 84155 , 116347
108054 , 108042
112041 , 108158
97809 , 97814
114195 , 114194
106708 , 101207
101665 , 101664 , 88896 , 101666 , 115970 , 74242 , 91483 , 101663
102072 , 102075 , 102076
116247 , 116248
103713 , 75531
99867 , 99868
83483 , 83484
85531 , 85530
96848 , 86506
71047 , 71050 , 69934
114208 , 114207
103636 , 108395
73297 , 73331 , 73592
73249 , 73247
84427 , 94844
99984 , 96132 , 106031
97985 , 97987 , 97992
82097 , 113750 , 113754 , 111342
97522 , 97513 , 75260 , 85900 , 97516
107552 , 107536 , 107551
89635 , 89643
87478 , 83609
76496 , 115068
103975 , 103974
75681 , 70828
116265 , 116264
112169 , 112172
89648 , 89641
80725 , 90381
90601 , 88703
73264 , 73272
93377 , 93376 , 93379 , 93378 , 93381 , 93380 , 93383 , 93385 , 93387 , 93386 , 93389 , 93388 , 93391 , 93390 , 71321 , 93369 , 93373 , 93375 , 93374
115523 , 80995 , 115525 , 115527 , 115528 , 94955
108098 , 108076
114381 , 114380 , 114383
83511 , 83512
91703 , 91702
114229 , 114231
98177 , 98032 , 98038 , 98061
97846 , 97853
114673 , 97408
91171 , 91174 , 91176
116284 , 116287
90157 , 89166
89658 , 89663
108148 , 108043
97522 , 97557 , 85900 , 75260 , 97516
115905 , 112572
105074 , 105030 , 105032 , 107386 , 80382
76904 , 90139
99896 , 99912
72419 , 106916
85719 , 85718 , 85721
80673 , 80672 , 80675 , 80670
79445 , 79415
71239 , 71238
83527 , 83529
101958 , 101963
106208 , 106207 , 106206
104010 , 104015
111426 , 105380 , 112780 , 105423 , 105431 , 105430 , 110008 , 105435 , 105434 , 112797 , 105437 , 105436 , 105438
100765 , 74495
114423 , 114422 , 85949 , 114429
116418 , 112100
112372 , 114535 , 100502 , 116441 , 116440
116389 , 114389 , 114825 , 116392
113042 , 113037 , 113036
81504 , 81494
89827 , 89828 , 89833
106070 , 106078
71257 , 71260
97969 , 97802
116320 , 116317
110173 , 110175
116928 , 113488 , 116915
89696 , 89701
81507 , 81512
99985 , 97617 , 109824 , 76780
106273 , 73133
108145 , 108130
112261 , 113449 , 113448
99937 , 99958
79328 , 79607
79469 , 79470
94281 , 104907 , 94922
110193 , 110190
93813 , 93802
103633 , 103632 , 103634 , 103620 , 103631 , 103630
101780 , 98127
100672 , 100681 , 92760
86349 , 80796
70022 , 84840
81525 , 81530
114672 , 97533
71585 , 70988
104053 , 104062
95905 , 95825
103504 , 103507 , 103506
104057 , 104056
111264 , 96855
109313 , 109312 , 109315 , 109317 , 109307 , 109309 , 109310
103347 , 80206
106259 , 106261 , 106203
94326 , 101962 , 101964
112277 , 112279 , 102365
75217 , 75216 , 75211 , 75213 , 75215
104880 , 104877 , 104878
93835 , 93836
88503 , 88504 , 88493
100787 , 100789 , 100788
91788 , 91791
102029 , 102028
104082 , 104077
106129 , 106130
110225 , 110226
73363 , 73359
79687 , 79689 , 79690 , 79693
94598 , 113562
76353 , 76293 , 76356 , 76345 , 76296 , 76378
85155 , 82058 , 73660 , 71260 , 76382 , 89982
75411 , 75413
99991 , 99990
110231 , 110230
71280 , 75453
116377 , 116376
91804 , 91806
114332 , 114334
103529 , 103528 , 103533
95923 , 95884
114337 , 114333
107570 , 107574 , 103646
92609 , 92608 , 92610
85671 , 85670
106149 , 106151
77480 , 77482
100130 , 83446 , 98366
108902 , 107499
89762 , 89775
93859 , 93870
102551 , 85182
101825 , 101857 , 101856 , 101827 , 101861 , 101829 , 101835 , 101834 , 101836 , 101842 , 101847 , 101848 , 101851 , 101850 , 101853 , 101854
101216 , 101197 , 101213 , 101198
91844 , 91801
70807 , 70797 , 70719
90859 , 72315
112311 , 112301
78967 , 78968 , 78970
108256 , 108169
93665 , 77088 , 93666 , 87179
101920 , 102223
89761 , 73421
105377 , 106957
82309 , 84970
96003 , 95862
110271 , 110270
113651 , 98697
111909 , 112734
73416 , 73406
111082 , 80794
100034 , 100038
75461 , 75464
78517 , 78516 , 78521 , 78523 , 78522
112324 , 112332
73419 , 73420
108451 , 113991 , 86663 , 113959 , 113594 , 113996
75476 , 75462
89372 , 102526
83661 , 83662
71371 , 71373
92066 , 92052 , 97896
100048 , 100047
76272 , 98498 , 98505 , 98493 , 98462 , 98494
82192 , 97420
108656 , 108648 , 108664 , 76778 , 108653
102389 , 73133
76228 , 111580
70505 , 70504 , 70507 , 70506
81617 , 81616
110290 , 110292
73425 , 73427
83829 , 90774 , 86938
95328 , 79865 , 90731 , 90732 , 89214
70800 , 70799 , 70798
83616 , 83619 , 83627 , 83597 , 83628 , 83599 , 83631 , 83598 , 83630 , 83602 , 83605 , 83604 , 83639 , 83607 , 83606 , 83613 , 83612 , 83615 , 83614
75494 , 75469
91795 , 90453 , 90455 , 90472 , 99084
94242 , 93594
93917 , 93919
70725 , 70843 , 70844
105153 , 105152 , 105154 , 105846
116579 , 112217
72565 , 94798
93923 , 93928
110409 , 110408 , 110397
75495 , 75496
78998 , 79003 , 79004
81641 , 81642
114416 , 114407
86514 , 101349
114401 , 114402 , 114405 , 107083 , 114410
113136 , 113139 , 113135
114413 , 114414
102217 , 102216 , 102219
83555 , 83829
71397 , 71417
73458 , 73452
113909 , 113911 , 103404
114825 , 114015
114324 , 114523
110326 , 110328
89851 , 89850
98049 , 98052
106245 , 106246
73476 , 73479
106523 , 114158
108293 , 108292
77088 , 100630 , 86856 , 87179
112388 , 112395
82930 , 84508
105620 , 86395
114117 , 113945 , 70443
116485 , 116488
114599 , 114603 , 114602 , 114605 , 114604 , 114607
96007 , 96006
89953 , 89945 , 89946
91914 , 91916
75544 , 75518
71435 , 71436
73560 , 77501
106257 , 106253
93861 , 79476 , 116007 , 116009 , 116008 , 116010 , 74844
95440 , 95403 , 95404
73569 , 73568 , 73567
91929 , 91918
114453 , 114454
73571 , 73570 , 73573
81763 , 81762 , 81765
86059 , 85501
113169 , 113168 , 113166
71445 , 71444
106499 , 101906 , 106498 , 106501 , 106502 , 106505 , 106507 , 106506 , 106495
91926 , 91934
89878 , 89887
81171 , 102695
88779 , 78701
98067 , 98091
112416 , 112413
95809 , 90554 , 95820
91905 , 93459 , 93461 , 93469
77601 , 77600
90859 , 105308
114395 , 114538
93856 , 81832
90000 , 90007 , 89995 , 90013
100135 , 100136
103969 , 105991 , 105992 , 105995 , 105996
109079 , 109080 , 109084
87235 , 87238 , 87242
83234 , 84271
100977 , 71141 , 101896
116529 , 116520
76304 , 76327 , 76328
75793 , 91726
112422 , 112445
112567 , 112566 , 106713 , 106712 , 97407 , 106702
90867 , 71605 , 71511 , 83334 , 70955 , 71740 , 72063
85810 , 85813
92709 , 92708 , 92710
87863 , 87864
90000 , 90013 , 106300
87868 , 87870
90771 , 90770 , 90774 , 87209 , 74264
112450 , 112443
101665 , 116849 , 101664 , 116848 , 88896 , 101666 , 116850 , 91483 , 101663
76635 , 79707 , 76634 , 85098 , 111629
79527 , 79834
115426 , 115433 , 115435 , 115434 , 115436
108360 , 108350
100160 , 100164
108336 , 109481 , 109482
102274 , 102277 , 102278
109109 , 109108 , 109094
116981 , 116971 , 116970 , 116973 , 116972 , 116975 , 116974
83783 , 83784
107735 , 107741 , 107742
105606 , 94735
116559 , 116558
95377 , 96064 , 95379 , 95378 , 96070 , 70253
100177 , 100176
77185 , 74015
93425 , 70627 , 70629 , 70676 , 70631 , 70679 , 93446 , 98521
108370 , 108373
112491 , 112447
73557 , 73556
106323 , 106325
112471 , 112472
88688 , 88695 , 88696 , 88685 , 88684 , 88686
85364 , 98622
85365 , 98622
115841 , 115840 , 115843 , 116775 , 115846 , 115848
88633 , 88632 , 88639
116615 , 116617 , 102316
110418 , 110440
75620 , 75611
102240 , 102238
94048 , 94044
95328 , 79865 , 90732
114597 , 114613 , 114612 , 114614
73571 , 73570
111106 , 112233 , 112234
94508 , 100396 , 105598 , 112894
98153 , 98152
116555 , 116620
109122 , 109126 , 109128
85867 , 85868
108393 , 108397
83664 , 83621 , 83620 , 83623 , 83625 , 83626 , 83646
95251 , 114501 , 114503 , 114502 , 113902
95416 , 82058 , 73660 , 89982 , 76382
83233 , 83232 , 83100
96102 , 96124
102099 , 102103 , 98618
105305 , 111498
75623 , 75643
108400 , 108403
89970 , 89966
80457 , 80458 , 80461
90000 , 114548 , 90007 , 89995 , 114554 , 90013 , 111020
116498 , 116693
100211 , 100212
81779 , 81778
86976 , 86978 , 86955 , 86975
76371 , 76363 , 76362
100949 , 100939 , 100938
110928 , 97692
108405 , 108407
72754 , 88423 , 88410
106310 , 106412
104401 , 85955 , 104421 , 104375 , 104390
116329 , 71822
88659 , 88661 , 88660
88662 , 88648 , 88666
71587 , 71515
71549 , 71551
96918 , 107160 , 106957
96899 , 96898 , 96903 , 96904 , 96875 , 96907
79745 , 79743
116609 , 116608
106368 , 106374
87521 , 80167
106375 , 106376
85889 , 85901
110466 , 110477
98181 , 98186
114565 , 114567
98184 , 98187
77702 , 77706
103687 , 103686 , 103690
108421 , 108427
95493 , 95494 , 95496
111875 , 111878 , 111881
115461 , 115460 , 115463 , 115462 , 115450
83552 , 83555 , 70930 , 103586 , 98423 , 84331 , 93884
110484 , 110474
79094 , 76330
89872 , 94228
85963 , 85962 , 85965 , 85964
83074 , 84652
108918 , 95673
83573 , 84154
96151 , 96150
92821 , 100196 , 81213
93347 , 89163 , 89003 , 96925
114587 , 114588
100327 , 100175
81819 , 81818
112533 , 112543
87958 , 87967
108461 , 71566
85413 , 85415 , 85416 , 91720
107409 , 107427 , 107411 , 69858 , 107412
109170 , 103628
75677 , 75679
104353 , 104354
114595 , 114596
80326 , 85078 , 84271
90417 , 90389 , 90390 , 76780
106928 , 106930 , 106949 , 106934 , 106950 , 106937 , 106923 , 106939 , 106879
81828 , 81838
114625 , 114578
101841 , 75619 , 99106 , 101831 , 101830 , 101833 , 86856 , 101832 , 101837 , 99101 , 101839 , 101838
106455 , 106454 , 106456 , 106447
93587 , 82365
105115 , 103612
91475 , 80391
75691 , 75693
113398 , 113498 , 76046
71637 , 71636 , 71639 , 71640
116663 , 116648
110512 , 110510
103715 , 87475 , 103714 , 103716 , 103706 , 103710
108962 , 110196 , 110198 , 94297 , 110203 , 110202 , 110204 , 110207 , 110206
115474 , 113738
78786 , 89541 , 87209 , 87210 , 87212 , 87155 , 83829 , 87221 , 87223 , 87222 , 87225 , 87224 , 78811 , 87226 , 78812
116659 , 116658
88148 , 107399 , 107400
73653 , 73654
94141 , 94126
113840 , 113835 , 113837 , 113836 , 113838
87988 , 87995
104374 , 104376
108469 , 108471
94134 , 94138
75698 , 75710
100732 , 99838
73820 , 81692
105012 , 111946
112258 , 84221
71863 , 79558
98214 , 98266
83907 , 83906
113958 , 114342 , 113113 , 113116
98233 , 98252
116677 , 116676
116678 , 116680
89251 , 88457 , 89261 , 89263
115132 , 101663 , 115135 , 101678 , 115134
85506 , 74122
75719 , 75723
115059 , 115060 , 115048 , 115053 , 76253
77751 , 77788
81745 , 81989
94151 , 94159
102203 , 73820
97128 , 95276
114635 , 114634
87733 , 88287
105739 , 107338 , 110397
100673 , 99923
85938 , 85992
90404 , 75001 , 72060
116821 , 116820 , 116388 , 116813
112592 , 112590
92806 , 92811 , 92810
111460 , 93247
83329 , 92091 , 103018
101059 , 106131 , 103586 , 82356
90071 , 90072
75793 , 83870
106451 , 106458
95405 , 75343 , 95407
116694 , 116699
110553 , 110539 , 110619
89296 , 89301 , 89300 , 89224 , 89276
85382 , 86825 , 83067 , 85386 , 85644 , 85628
109812 , 86730
104661 , 91880
114657 , 114659
107843 , 107845 , 107844
102373 , 102372
114705 , 114615
77799 , 77798
103473 , 103474 , 92018
100326 , 100331
79841 , 79855
79846 , 79851
106475 , 106474
114355 , 114340 , 70932 , 114361 , 114362
89074 , 82152 , 74495
108532 , 108522
114804 , 116537 , 112686
98293 , 98297 , 98296 , 98299 , 98298 , 98300
83953 , 83954
72901 , 72905 , 72904 , 72907 , 72910
112613 , 112644
104439 , 104438
81920 , 81901
100647 , 79561
104437 , 104443
79865 , 79864
96247 , 96250
71677 , 71676
115145 , 106031
95569 , 95571 , 95572
111761 , 111760 , 111763 , 111762 , 111764 , 111759 , 111758
73729 , 73725 , 73727
112645 , 112631
