InsiderID, NodeCount, EdgeCount
73728,2,1
98307,2,1
90114,2,1
81927,2,1
81929,3,2
90120,2,1
98312,2,1
106512,5,10
98333,2,1
90144,5,10
73767,4,4
90162,4,6
98354,2,1
90164,2,1
98356,2,1
73784,2,1
114747,2,1
73788,2,1
114751,4,6
114750,4,6
114752,4,6
73794,2,1
81989,2,1
73801,5,10
90187,3,3
73804,5,10
73815,11,47
73819,2,1
73820,2,1
98401,6,14
106595,2,1
106597,2,1
106596,2,1
114788,2,1
73831,3,3
106598,2,1
73830,2,1
98408,3,3
73832,4,4
73835,2,1
73834,3,3
90218,2,1
98410,2,1
82028,2,1
98419,2,1
73842,3,3
98418,2,1
73845,9,15
98423,4,6
98427,4,6
82043,13,61
106620,2,1
82044,9,36
98434,2,1
98437,2,1
73865,7,21
114825,2,1
82058,5,10
90257,2,1
82068,2,1
82071,3,3
82070,2,1
98461,2,1
73884,6,14
82081,2,1
73893,3,3
73892,4,6
82095,2,1
82101,2,1
90295,4,4
73910,5,7
90294,2,1
73913,4,4
82107,4,6
106683,2,1
90299,2,1
90300,2,1
82108,4,5
82111,7,18
90302,2,1
82112,4,6
73920,4,6
82117,4,6
82119,3,3
90311,5,10
90310,2,1
73926,3,2
73932,2,1
82127,2,1
73937,10,41
98519,3,2
98518,2,1
98521,9,36
82136,2,1
82138,2,1
73948,3,2
82140,2,1
98526,2,1
73959,8,20
73961,9,23
73962,5,10
90348,3,3
73964,9,23
73971,7,21
98547,5,10
82164,7,13
114935,3,3
106744,2,1
73979,2,1
73981,6,15
73984,5,7
98562,2,1
73991,2,1
73993,2,1
90379,9,36
90381,2,1
82191,3,3
82192,4,6
82197,3,3
74015,2,1
90398,2,1
74018,4,6
82213,5,7
90404,3,3
74025,8,28
82217,3,3
106795,4,5
82218,4,5
74028,5,6
82225,7,21
90427,5,7
106813,2,1
82236,4,6
74047,2,1
82243,5,10
98626,5,10
90436,2,1
74058,2,1
90445,2,1
98636,2,1
90447,6,15
82255,2,1
90453,7,19
90455,7,19
90456,6,15
90461,3,3
90463,3,3
98661,6,15
90473,6,15
90472,7,19
106856,2,1
74091,2,1
90475,4,6
82283,3,3
74090,2,1
90474,2,1
106861,2,1
90476,4,6
74092,6,8
82284,7,21
90480,2,1
98677,4,6
98676,2,1
106871,2,1
82297,3,3
106883,2,1
82309,2,1
74116,2,1
98692,6,15
106888,2,1
82315,3,3
90509,4,6
82316,2,1
98703,2,1
82320,3,3
115093,3,3
90519,5,10
74135,3,3
82331,3,3
82330,4,5
90524,2,1
74145,9,27
82336,3,3
115109,2,1
74148,3,3
82340,4,6
98735,3,3
106933,2,1
98743,5,8
90554,3,3
82366,3,3
74176,3,2
90560,4,4
82375,3,2
74182,2,1
115145,2,1
90576,2,1
74197,3,3
74199,4,6
90593,2,1
82407,3,3
98794,4,6
74221,2,1
90605,3,3
82414,2,1
90612,4,4
115195,2,1
115194,2,1
74234,3,3
82429,3,3
98812,3,2
82428,2,1
74241,3,2
74257,2,1
82448,2,1
74258,9,30
98839,2,1
107030,3,2
74264,13,60
74276,2,1
90663,2,1
82477,2,1
90671,2,1
82481,5,10
98865,2,1
90672,2,1
74290,5,8
74293,4,6
90676,4,6
74295,2,1
90681,4,6
74297,2,1
82489,2,1
74301,7,13
74303,3,3
74302,7,15
74304,2,1
82499,3,3
74307,2,1
74310,4,6
90697,2,1
74314,8,24
74317,3,2
107084,3,2
90702,2,1
107086,2,1
90707,2,1
90712,2,1
90717,3,3
74332,4,5
74335,2,1
90720,3,3
115301,2,1
74340,11,41
98920,2,1
90731,6,15
98923,8,24
90732,6,15
82547,2,1
74354,3,3
90741,3,3
90743,3,3
90742,3,3
90745,3,3
82556,4,6
82558,4,6
82561,4,6
74369,2,1
74370,2,1
107140,3,3
74372,2,1
82577,6,15
74385,2,1
115347,3,3
82578,2,1
90774,3,3
107163,3,3
82588,3,2
90780,2,1
107167,4,5
82592,3,2
74403,2,1
98981,6,12
90789,2,1
82597,2,1
82596,2,1
90791,2,1
98984,5,10
90792,2,1
74413,2,1
115374,2,1
98993,5,10
98992,11,48
98994,5,10
90805,2,1
82619,3,3
74426,2,1
74430,3,2
74433,4,6
99012,2,1
99014,3,2
90826,2,1
82637,4,6
82639,4,6
115406,2,1
82638,4,6
82641,2,1
82640,4,6
115411,3,3
82642,2,1
115413,3,3
99031,2,1
90839,2,1
82646,2,1
99035,2,1
90847,3,3
82654,4,6
99041,6,15
107233,2,1
99040,2,1
115424,2,1
107234,3,2
99045,3,3
99047,3,2
107240,2,1
90859,5,8
82668,2,1
90860,2,1
74480,5,10
90867,7,21
90866,3,2
82680,2,1
115453,2,1
74495,3,3
74494,2,1
115454,2,1
99074,2,1
99077,2,1
74502,5,9
99085,2,1
99084,5,10
82702,2,1
90894,8,26
82704,2,1
90900,13,61
90905,4,4
74529,3,3
90914,2,1
90916,3,3
74545,2,1
74544,2,1
90935,2,1
90940,6,14
74556,17,70
82750,2,1
74558,2,1
99141,2,1
74567,2,1
74569,2,1
82765,3,2
74573,2,1
107343,6,9
74574,2,1
107342,6,15
90961,3,3
74576,4,6
74579,4,6
74581,3,3
74580,2,1
107353,7,21
82779,2,1
74589,3,3
99165,2,1
74590,4,6
115553,2,1
115552,2,1
82784,4,4
82787,3,3
74594,4,3
99173,2,1
82795,3,3
74614,2,1
115576,2,1
82811,2,1
99195,4,6
82815,3,3
74622,2,1
82818,3,3
74632,2,1
82827,3,3
99212,2,1
82830,2,1
74643,6,9
74645,3,3
107414,8,16
74646,6,9
74648,2,1
99224,4,5
99233,6,8
107427,2,1
99235,7,21
74658,2,1
82853,2,1
91047,3,3
74662,3,3
91051,5,9
82858,3,3
74668,10,33
74671,10,33
74670,2,1
99246,3,3
74673,6,15
99249,13,60
99250,13,60
74677,2,1
91063,4,6
99254,2,1
82872,2,1
91064,5,9
99259,2,1
91066,3,3
82879,2,1
74695,2,1
82886,6,15
74694,2,1
74697,2,1
99272,4,5
99277,6,15
74700,2,1
99276,2,1
82898,8,26
74710,2,1
91097,6,14
82906,2,1
99290,2,1
91101,4,6
91102,4,6
82913,6,15
99296,4,3
91107,4,6
91109,4,6
99300,2,1
82919,7,16
82921,6,15
107497,4,4
107496,2,1
99307,10,45
82922,6,15
74733,3,2
82924,6,15
74732,10,33
82927,6,15
82928,2,1
74739,4,6
82930,5,9
82934,2,1
82937,2,1
99321,5,9
82938,2,1
74749,2,1
91132,2,1
82942,8,27
91137,4,6
82947,2,1
99331,2,1
91143,2,1
74761,2,1
91147,9,11
82954,5,8
82958,6,15
82961,2,1
82960,3,2
99344,2,1
99347,2,1
99348,2,1
115735,2,1
99358,2,1
82977,2,1
107557,4,6
107558,4,6
82995,2,1
91188,2,1
99384,3,2
83000,3,3
91192,4,6
99386,2,1
83002,4,6
83004,4,6
83007,2,1
83008,4,6
91203,11,48
91215,2,1
99408,2,1
74834,3,3
83031,2,1
91224,2,1
115805,2,1
83036,4,6
107612,4,6
83039,2,1
83038,4,4
74846,3,2
115806,2,1
99425,2,1
74850,2,1
74853,2,1
74857,4,5
99434,6,15
91244,4,6
91250,2,1
83061,9,36
83063,2,1
99448,6,11
83066,2,1
83072,4,6
91264,8,24
74882,2,1
83074,2,1
107653,4,3
107657,2,1
74891,2,1
74890,2,1
74893,2,1
74894,5,7
107665,2,1
83093,4,6
99491,2,1
74917,2,1
74916,5,10
74927,5,10
83119,4,3
83118,4,6
91315,2,1
83126,2,1
83128,3,2
91323,2,1
83133,4,4
74941,2,1
74945,5,10
115905,2,1
74947,7,16
74948,5,10
107716,3,2
83143,3,2
83145,4,6
83147,3,2
74955,2,1
74958,2,1
83153,7,21
74961,2,1
83152,8,25
99536,3,3
83154,9,26
83157,3,3
107735,3,3
74966,3,2
83158,2,1
83161,5,10
83160,2,1
74971,7,21
74970,2,1
107741,3,3
74972,6,11
83164,2,1
74975,2,1
107742,3,3
74974,2,1
99553,3,3
99565,3,3
83187,2,1
107767,3,2
83190,2,1
75001,3,3
75005,8,24
99580,5,7
75004,2,1
99583,3,2
75008,13,55
75020,3,3
91408,2,1
75036,3,3
83230,5,8
75038,3,3
75040,3,3
107808,4,5
107811,3,3
75042,8,28
75052,5,10
75054,2,1
83258,6,15
75069,2,1
99646,4,4
75074,4,5
83273,4,6
91464,2,1
75080,4,6
83281,2,1
75095,8,21
75097,8,21
91483,3,3
99674,5,5
83295,2,1
91489,2,1
107881,3,3
99691,2,1
91499,2,1
99693,2,1
107884,8,28
91502,2,1
91504,2,1
75123,2,1
83315,4,6
83317,7,16
91508,2,1
75127,7,21
107895,2,1
75126,2,1
75128,2,1
99704,3,3
91514,7,17
75139,2,1
83334,7,21
107910,3,3
116105,2,1
99722,2,1
83338,4,6
91535,9,31
83342,2,1
99729,4,6
99734,3,3
75162,7,21
75164,7,21
83363,4,5
75172,3,3
91559,2,1
83369,6,15
99755,2,1
99754,4,6
91569,2,1
75189,3,2
107956,2,1
91586,2,1
83400,5,10
99795,2,1
99801,3,3
107997,6,15
99804,12,54
99808,2,1
99811,12,54
99810,11,47
99812,7,21
83428,2,1
75238,4,6
83434,3,3
75245,5,9
83439,2,1
75249,3,2
83453,2,1
75260,5,10
75263,5,10
99838,2,1
75262,6,11
75265,5,10
75264,5,10
75269,2,1
75268,5,10
75271,2,1
91655,2,1
108043,2,1
91658,2,1
99854,13,54
91666,6,10
83478,6,13
83481,6,12
99864,11,48
99875,11,49
75301,6,11
99879,10,45
99881,10,45
99880,11,49
99883,10,45
99882,13,54
91693,2,1
75310,2,1
99889,2,1
75313,7,21
83506,2,1
75314,2,1
75319,2,1
75327,7,21
91711,2,1
75326,3,3
75333,4,6
83527,2,1
83529,2,1
91722,3,2
83532,2,1
91724,3,3
75345,2,1
83539,5,9
108114,2,1
91736,2,1
75356,2,1
99935,2,1
108129,2,1
83552,8,28
83555,8,28
108130,2,1
83558,13,78
116329,2,1
83562,4,5
83567,3,3
108145,2,1
83573,2,1
108148,2,1
91767,2,1
91766,4,6
83579,2,1
75386,8,18
75389,2,1
108164,2,1
75400,4,3
75403,2,1
75409,4,6
99984,4,6
91795,7,19
91799,2,1
116377,2,1
91801,3,3
116376,2,1
83610,9,36
99998,5,7
75427,2,1
75426,7,21
100004,3,3
75428,7,21
75431,8,22
75433,4,6
100008,3,3
75434,7,21
75436,7,21
75439,2,1
83633,9,36
91827,3,3
83635,9,36
83636,9,36
83638,9,36
83641,9,36
75456,4,5
91844,3,3
75467,5,9
83661,3,3
100047,2,1
83662,3,3
100049,3,2
108240,2,1
100048,2,1
75479,2,1
83671,3,3
83677,5,7
100063,5,10
75487,6,15
83680,2,1
75490,6,15
100073,3,3
75501,2,1
75515,3,3
75518,2,1
75521,2,1
108293,2,1
108292,2,1
100105,2,1
83723,7,19
83727,8,28
83729,2,1
83728,4,6
75539,4,6
83730,3,3
83733,3,3
75540,7,15
75543,4,4
83734,2,1
108310,3,3
75545,2,1
75544,2,1
91932,5,10
91937,2,1
75552,2,1
91939,2,1
75559,2,1
75563,7,16
75562,7,15
75564,2,1
100143,3,3
75568,2,1
75571,4,6
100151,7,21
83767,3,3
100153,3,3
83768,2,1
100155,3,3
75578,2,1
83770,3,3
75584,2,1
100160,3,3
83780,5,10
100164,3,3
83785,2,1
75600,8,21
83796,2,1
75607,2,1
91997,4,5
83806,2,1
75618,2,1
116583,2,1
108393,2,1
83819,6,13
108397,2,1
75628,2,1
75633,3,3
83829,3,3
75636,13,78
75643,2,1
92026,2,1
100221,2,1
83843,4,6
83844,2,1
75655,5,10
75657,5,10
83852,2,1
100239,8,24
83857,7,9
100249,2,1
75683,2,1
100259,2,1
75691,2,1
108461,2,1
75693,3,2
75695,2,1
100273,2,1
83900,7,21
92092,2,1
100287,7,21
75710,2,1
100289,7,21
75712,4,6
83914,3,2
83919,6,15
83918,2,1
92113,6,15
92112,6,15
92114,6,15
92116,6,15
75734,4,3
83929,4,6
75743,3,3
92127,6,15
75745,17,85
75744,4,6
83939,4,6
92132,5,10
83948,2,1
83951,4,6
108531,4,6
75766,12,50
108534,5,7
108536,4,6
75771,2,1
108547,2,1
75780,9,32
83977,10,38
92177,2,1
100369,2,1
100368,2,1
100371,2,1
92183,2,1
100378,4,6
75813,4,4
92196,2,1
116785,2,1
100405,2,1
108597,3,2
84020,3,3
84022,2,1
84027,3,3
75841,6,12
75843,6,12
75842,5,10
84036,2,1
75849,2,1
75848,5,10
100426,5,9
108621,2,1
108622,2,1
84049,3,3
108626,2,1
84050,3,3
84072,8,27
84075,3,3
84078,2,1
92275,9,24
108662,4,5
75901,2,1
75900,2,1
108671,2,1
84097,4,3
100483,2,1
100484,2,1
100487,2,1
75910,4,4
108681,2,1
84104,7,9
108682,2,1
108685,2,1
84108,2,1
84112,3,3
92309,2,1
84119,3,3
84124,5,10
75936,3,3
92320,2,1
92326,4,4
100522,2,1
84141,2,1
100527,2,1
108721,4,6
100533,2,1
75957,13,78
84151,2,1
108726,2,1
92345,6,11
84154,2,1
100538,2,1
75969,5,10
108743,3,3
75974,2,1
108742,3,3
75977,2,1
108745,3,3
92360,5,10
84172,6,15
92364,4,5
92369,2,1
92373,4,4
92374,8,24
116954,2,1
84189,3,2
84188,3,2
92387,3,3
108783,2,1
100597,2,1
92404,2,1
76024,4,6
76035,2,1
76037,2,1
84238,3,3
100622,2,1
100627,2,1
84249,4,6
92443,2,1
100634,2,1
92447,8,24
108830,2,1
76065,2,1
108833,2,1
92448,9,25
84256,2,1
108834,3,2
100647,2,1
84265,11,45
92459,2,1
76079,2,1
84271,2,1
100658,7,18
92466,6,12
92468,6,15
100660,2,1
92471,2,1
76086,8,28
100665,2,1
84293,2,1
100676,2,1
76100,8,25
84301,2,1
100685,2,1
76110,2,1
76112,3,2
108883,2,1
100695,3,3
76121,13,78
84316,7,21
76127,2,1
76133,2,1
76135,2,1
92530,2,1
84342,3,3
84347,2,1
100731,2,1
92540,2,1
100732,2,1
100735,2,1
76158,2,1
100734,2,1
84358,2,1
76171,8,28
100746,9,13
108941,2,1
100750,8,28
84366,3,2
100753,4,5
84368,2,1
84371,3,3
100761,2,1
84385,2,1
84389,2,1
100772,2,1
92580,5,10
100774,3,3
92582,8,20
84393,2,1
76209,7,21
100797,4,4
92605,3,3
76223,2,1
84417,6,15
108994,2,1
92612,5,10
100804,2,1
92617,2,1
76233,6,15
84425,2,1
84427,2,1
84428,2,1
76243,2,1
76247,2,1
84440,2,1
76253,3,3
76252,2,1
84444,4,5
100833,2,1
100834,3,2
84457,2,1
84458,2,1
76271,2,1
84464,2,1
76283,2,1
84474,2,1
84476,2,1
84480,2,1
92680,3,3
84494,2,1
84501,6,13
84500,2,1
84502,2,1
100891,6,15
76315,6,8
84506,8,28
100890,6,15
100892,4,6
92700,5,10
84508,5,9
100894,6,15
92705,3,3
76321,2,1
76324,2,1
84525,3,3
92717,3,2
100909,4,4
84526,4,4
84531,2,1
76349,5,6
100929,6,15
76355,4,6
92738,3,2
100930,2,1
84548,2,1
92743,4,6
84561,2,1
84563,2,1
76373,2,1
76382,5,10
76385,2,1
76384,2,1
76391,4,4
109159,2,1
76393,4,4
92779,4,6
84586,2,1
76394,3,3
84588,2,1
76398,4,6
76400,5,10
100979,2,1
84599,2,1
92801,7,12
76418,8,22
101001,3,3
76427,2,1
76428,2,1
76433,2,1
76432,2,1
92818,2,1
92821,4,6
84630,2,1
101019,5,9
101025,5,10
76448,3,2
92837,4,3
109220,2,1
109227,3,3
84652,2,1
92849,2,1
76475,2,1
76481,5,8
92869,3,3
76490,3,3
84689,3,3
101078,3,3
92888,4,6
84696,4,6
109278,2,1
109281,4,6
101088,2,1
76514,8,28
76516,2,1
84715,2,1
76525,4,6
101100,2,1
76527,4,6
76529,4,6
76528,4,6
92921,2,1
76536,2,1
84731,11,51
101114,3,2
84732,2,1
84735,2,1
109311,2,1
92934,7,20
76550,4,6
92938,2,1
92941,4,4
84751,3,3
92942,6,15
76560,4,5
101136,4,6
76565,4,6
84759,2,1
76569,6,15
76592,2,1
76604,8,28
76606,8,28
84802,3,3
76613,4,6
92998,2,1
76614,4,6
76618,8,28
76627,11,51
101211,2,1
76637,2,1
93023,5,8
101214,5,10
93025,2,1
76642,7,13
93026,6,13
76646,5,8
76648,3,3
84840,2,1
76654,2,1
76657,3,2
93040,2,1
109429,4,6
93047,6,15
93048,2,1
93050,3,2
84864,3,3
76674,2,1
84873,2,1
76680,3,2
93066,2,1
84876,2,1
101264,5,10
93075,3,3
93074,3,3
93078,3,3
84890,3,3
93091,3,2
84898,2,1
84905,5,8
93097,2,1
76717,4,4
93100,2,1
76716,3,3
76719,3,3
76722,3,3
76725,6,10
76726,3,3
101305,2,1
84932,6,10
76740,4,4
76742,2,1
84934,9,36
101325,2,1
76755,6,14
101331,2,1
76754,5,10
76760,2,1
101349,2,1
76772,2,1
76775,2,1
76779,2,1
76778,3,3
84970,2,1
84973,3,3
76780,3,3
109553,2,1
93171,7,21
84978,2,1
101364,3,3
101367,3,3
101366,3,3
93177,6,15
93180,3,3
76798,2,1
84996,2,1
76817,2,1
109589,5,9
93204,2,1
93211,4,6
76830,2,1
93216,2,1
93218,2,1
101419,5,9
101420,3,3
76846,6,13
93234,2,1
85047,3,2
85046,2,1
85051,3,3
76879,2,1
85070,4,5
76883,5,7
76884,4,6
76887,6,15
76893,2,1
93278,2,1
93282,2,1
93285,2,1
93288,3,3
76906,2,1
85101,2,1
101489,2,1
76914,2,1
85116,2,1
93315,2,1
85129,2,1
76936,2,1
85135,2,1
76949,2,1
85141,3,2
93335,2,1
85142,3,2
101533,3,3
76956,2,1
109727,2,1
101534,2,1
93347,2,1
101538,5,10
93350,2,1
85160,5,9
93357,2,1
101551,3,3
93365,2,1
109748,2,1
93369,19,171
93373,19,171
76989,5,8
85181,3,3
93372,2,1
93375,19,171
93374,6,15
109758,4,6
93377,19,171
93376,19,171
93379,19,171
93378,19,171
93381,19,171
93380,19,171
76996,4,6
93383,19,171
93382,3,3
76998,4,6
93385,19,171
93384,2,1
93389,19,171
93388,19,171
77004,2,1
93391,19,171
109776,2,1
85202,2,1
85209,5,9
85213,2,1
101596,2,1
85216,2,1
85219,2,1
85227,2,1
101613,2,1
109805,2,1
93425,9,36
85239,8,26
85238,2,1
77048,7,18
85243,2,1
93436,4,5
85251,2,1
93446,9,36
85254,6,15
85257,2,1
93456,2,1
85267,6,11
77074,2,1
93461,7,21
85268,2,1
77081,3,3
77080,3,2
93467,3,3
85278,2,1
77088,2,1
93472,2,1
85284,4,6
93476,2,1
77095,2,1
77094,2,1
93481,2,1
85293,2,1
77103,7,14
93488,5,10
85298,3,3
85302,3,3
93497,8,24
85305,4,5
93496,11,33
85306,3,3
77119,2,1
109899,2,1
77138,6,15
77141,5,10
77142,5,10
109910,3,2
85337,7,19
85336,6,15
77147,8,28
77146,8,28
101731,2,1
77161,2,1
93548,2,1
93555,3,3
93556,3,3
77174,2,1
109942,3,2
85371,2,1
77178,4,5
101761,5,7
77185,2,1
77184,3,2
77186,2,1
93575,9,29
77191,3,3
93574,2,1
77193,5,10
85389,3,3
101772,2,1
109971,2,1
101780,2,1
109972,6,10
77207,2,1
85399,2,1
85401,8,25
85400,7,21
77211,5,10
85404,8,25
77214,5,10
77216,3,3
93605,8,26
101799,2,1
109992,4,6
109994,4,6
101804,9,36
93623,4,3
101816,2,1
101818,2,1
85438,2,1
101826,2,1
85455,3,2
77267,2,1
77283,7,18
77285,2,1
110052,9,36
110055,9,36
110054,3,2
85481,5,10
110057,9,36
77293,4,6
77292,4,6
85487,4,4
110065,9,36
93682,2,1
110073,9,36
110072,2,1
85501,6,15
93692,5,10
93695,6,13
110079,2,1
93700,2,1
85508,2,1
77323,8,24
85514,6,13
93706,2,1
110090,3,2
85517,2,1
85516,4,6
93711,2,1
85525,2,1
77334,2,1
110104,2,1
93725,2,1
85541,2,1
77353,4,3
101928,2,1
110123,4,6
85546,2,1
110122,5,7
77359,2,1
85551,2,1
77369,11,49
93759,4,6
93761,6,15
93760,5,9
77391,3,3
77393,4,5
93776,5,9
101968,2,1
85586,5,4
77400,3,3
93786,2,1
77407,2,1
110181,2,1
85606,4,6
85609,4,6
77417,8,26
77425,4,6
85624,4,6
85630,9,29
77440,2,1
85639,6,15
85640,6,15
77452,2,1
110223,2,1
77455,7,21
77457,4,5
102032,8,28
93840,2,1
77459,5,9
85653,6,15
85652,6,15
102039,2,1
85654,11,44
77465,3,3
77467,5,6
85658,3,3
77466,5,5
77469,2,1
93856,2,1
77483,3,2
85674,6,15
110265,2,1
110264,3,3
85691,6,10
93884,4,6
93886,5,10
85697,2,1
93891,19,171
93890,19,171
85698,4,6
77509,6,15
93892,19,171
110278,2,1
93896,2,1
85708,2,1
77516,2,1
102092,5,10
77518,2,1
77524,2,1
110303,3,3
102113,4,6
110307,3,2
85737,7,14
77547,2,1
77551,3,3
85744,2,1
110322,3,3
93941,2,1
77556,8,26
102141,2,1
85760,3,3
102149,2,1
110340,4,6
93959,7,20
77578,8,28
93965,5,10
85779,5,10
85778,5,10
85781,5,10
102165,4,6
77588,2,1
85783,6,13
93977,7,19
77592,2,1
102168,2,1
110368,3,3
110370,5,10
77602,2,1
93988,9,36
85800,3,3
93995,10,39
93997,2,1
102191,2,1
77621,3,3
77623,3,3
102200,5,10
102203,2,1
77629,2,1
94012,3,3
85829,6,13
77636,10,38
85837,10,41
85847,2,1
102238,2,1
77665,4,4
102240,2,1
110432,2,1
77664,6,11
102247,2,1
85864,2,1
85872,2,1
85874,5,9
110450,5,9
110454,3,3
110459,2,1
77693,9,32
77692,8,27
77694,8,27
77701,3,3
85900,5,10
94094,2,1
77713,3,3
85904,2,1
85906,3,3
77714,3,3
94100,9,36
102301,5,10
94108,4,6
110492,2,1
77729,2,1
77732,3,3
77737,3,3
77739,2,1
77754,2,1
77757,3,3
94144,9,23
85955,3,2
77764,7,21
85958,2,1
102344,6,11
85975,2,1
94170,3,3
77791,2,1
110560,3,3
69607,2,1
69608,8,27
69613,8,19
77804,5,5
94191,2,1
77808,6,15
69616,4,6
69621,2,1
86006,2,1
69622,11,48
86011,3,3
69628,7,21
69630,5,8
94209,14,56
69633,2,1
69632,9,32
77829,2,1
94212,2,1
77830,4,4
86024,5,10
94219,4,6
69644,7,19
94229,3,3
69654,5,4
69658,3,2
110623,2,1
69662,5,4
94243,2,1
102435,3,3
69667,6,14
69666,3,3
69668,9,29
110633,4,6
110632,4,6
69675,2,1
69674,3,3
110636,5,10
69679,2,1
77870,2,1
69681,3,2
69680,8,28
94259,3,2
86073,3,3
77881,2,1
69688,4,6
86074,3,3
94266,3,3
69695,3,2
69694,3,3
102462,2,1
69699,2,1
69698,2,1
69700,2,1
69703,2,1
69702,9,32
94281,4,6
102472,4,6
102477,3,3
110669,2,1
69708,9,29
77902,2,1
69713,2,1
77905,2,1
69712,2,1
110674,2,1
69717,11,48
94293,2,1
77908,2,1
69719,3,2
69718,2,1
69722,3,3
110682,2,1
94300,2,1
86113,7,21
94311,14,58
94310,7,16
94313,3,3
69738,2,1
77935,2,1
77937,4,5
69744,11,49
94322,5,10
69749,4,6
77940,4,6
110713,7,12
86141,3,3
102526,3,2
102529,4,5
102531,3,3
94338,3,3
69765,2,1
69764,2,1
94342,2,1
86153,13,55
86152,2,1
69770,8,28
69776,8,28
69778,3,3
77973,3,2
69780,7,14
102550,2,1
86166,2,1
102553,5,10
102554,2,1
69786,2,1
69788,2,1
77980,7,21
102559,5,10
102558,5,10
69790,3,2
102561,2,1
102563,5,10
77986,2,1
94374,2,1
86186,4,6
69804,5,7
77999,2,1
78000,3,2
78003,2,1
86196,3,3
69814,9,30
69817,8,12
78008,2,1
78010,11,46
78012,2,1
86204,6,13
102590,4,4
86208,2,1
102595,2,1
69828,21,86
69831,4,5
69830,3,3
94409,2,1
94408,2,1
69839,2,1
69838,4,6
69841,5,9
69840,24,113
110803,2,1
94418,5,6
78037,2,1
94420,9,36
78036,2,1
69846,23,112
86233,3,3
69848,4,4
69854,3,3
86243,3,3
69859,10,27
69858,2,1
69860,5,4
69863,4,3
69862,2,1
69864,2,1
69867,4,4
94442,2,1
110826,2,1
69877,7,16
86260,3,3
69881,6,14
94456,3,3
78072,2,1
94458,3,3
69882,4,6
69884,3,3
69886,3,3
102656,4,6
69888,2,1
69891,2,1
78083,2,1
78085,2,1
69892,4,6
69895,5,10
69897,7,18
110857,2,1
86283,5,5
69898,8,19
69909,2,1
78103,4,6
69912,2,1
86296,4,6
94491,3,3
69917,4,6
110879,2,1
110881,2,1
69920,4,6
86306,3,3
69927,2,1
94502,2,1
69929,3,3
94511,2,1
94512,2,1
102715,2,1
86330,7,12
69949,11,48
69948,3,3
94524,2,1
69951,11,48
69950,2,1
69953,2,1
69955,7,20
69957,8,25
69959,8,25
69958,7,19
69961,8,25
69960,7,20
69967,6,15
110931,3,3
69971,7,17
102738,4,6
69972,5,7
69977,9,32
69976,8,27
78171,5,10
69979,2,1
69978,9,32
102746,2,1
102749,3,3
110943,2,1
69983,21,91
69982,8,15
102753,3,3
69985,8,22
102755,3,3
69989,3,3
69992,2,1
69998,4,5
86385,4,4
102769,2,1
70000,6,15
78195,6,13
70003,6,15
70002,6,15
102770,2,1
70005,6,15
102773,2,1
70006,6,15
70008,6,15
70011,2,1
70013,6,8
78207,2,1
70017,3,2
70018,2,1
70021,2,1
86407,2,1
70022,2,1
86409,2,1
70027,2,1
70031,10,31
70030,5,9
102798,2,1
110993,4,6
78224,2,1
70035,2,1
110994,4,6
78229,2,1
94613,2,1
70036,3,3
86425,2,1
70043,3,3
70042,2,1
94618,2,1
70044,6,12
78239,8,27
86435,2,1
102818,2,1
70052,6,12
70055,3,3
94631,5,4
70058,14,67
70061,2,1
70060,10,41
111023,2,1
78257,3,3
70064,2,1
70067,6,12
78258,4,6
70069,3,3
86452,3,3
94646,2,1
70070,5,9
94651,2,1
102843,2,1
78271,3,3
70083,3,3
111042,2,1
70082,2,1
86471,2,1
70088,3,3
78282,2,1
86477,2,1
111055,7,21
78288,3,3
111056,2,1
70099,5,10
70101,2,1
78292,3,3
70103,5,10
70104,4,4
70106,3,3
70109,5,10
86493,3,3
70108,3,3
78300,2,1
70111,5,10
86495,5,10
70110,10,25
94691,2,1
70115,3,3
102882,2,1
111076,2,1
70116,2,1
70119,13,60
102887,7,21
70118,9,36
70121,9,34
70120,10,42
78314,5,8
86506,2,1
111082,2,1
86511,3,3
70126,2,1
86512,3,3
94704,2,1
70131,9,28
86514,2,1
70130,4,6
70133,8,28
78325,2,1
78324,2,1
78327,4,6
86519,9,20
70134,3,3
70137,4,6
78329,2,1
70138,2,1
78333,5,10
78334,5,10
70145,3,2
70144,2,1
78336,4,6
102917,2,1
70151,6,14
70150,2,1
70152,4,6
94733,4,6
70156,6,15
94735,2,1
86555,2,1
70173,5,10
70172,5,10
102940,3,3
70175,2,1
78366,3,3
70174,6,11
111137,3,2
70177,2,1
70179,3,3
78371,11,45
70178,5,8
70181,3,3
70180,2,1
70183,3,2
70182,2,1
94758,2,1
70187,4,6
70186,5,10
102957,3,2
102956,6,15
102958,2,1
70193,4,4
78385,2,1
102961,8,25
70194,3,3
94770,2,1
78389,3,2
70197,8,26
94776,2,1
70211,2,1
111172,2,1
70212,3,3
86598,4,6
70214,4,6
70218,2,1
78414,7,21
78417,4,6
70225,2,1
86608,5,5
70229,2,1
94811,2,1
78428,7,21
70238,2,1
70241,3,3
78433,4,5
70243,3,3
86629,3,3
78439,3,3
70246,3,3
94825,3,3
70250,2,1
70253,4,6
70252,3,3
86639,3,3
86638,3,3
70257,3,3
94833,4,6
86643,5,10
86642,3,3
70258,3,3
94839,2,1
78454,5,10
70265,3,2
86649,7,21
70267,4,6
86651,4,5
86653,3,3
86652,3,3
70270,6,9
94849,2,1
70273,3,3
78466,2,1
94850,8,20
70280,4,6
70283,3,3
94858,5,10
70285,7,15
70284,3,3
86673,4,5
70289,4,6
70288,2,1
70291,2,1
70290,4,6
86676,6,15
78488,4,5
103066,5,10
70298,6,10
78493,2,1
70302,3,3
86686,3,3
111264,2,1
94885,2,1
70308,7,12
78502,2,1
70317,8,25
94892,2,1
70316,4,6
78513,4,6
78517,5,10
78516,5,10
111287,2,1
70329,4,6
78521,5,10
70331,3,2
78523,5,10
78522,5,10
78525,2,1
70335,6,12
86722,3,3
70342,8,23
94922,4,6
70350,5,10
70353,2,1
70352,3,3
94931,2,1
78546,3,3
70354,2,1
94932,4,6
103130,2,1
70362,7,21
78554,2,1
70365,2,1
70364,2,1
78560,5,7
70371,10,33
70372,9,32
70377,3,3
70376,5,5
70379,4,3
70381,2,1
70383,7,21
103150,2,1
78576,2,1
70384,4,4
78578,3,2
94962,2,1
70389,3,3
78581,2,1
94967,2,1
103158,4,6
78584,5,7
70392,2,1
70394,3,3
70397,2,1
94973,2,1
86780,3,2
86782,2,1
70398,2,1
70402,5,8
94978,3,3
78597,2,1
78598,3,3
94986,2,1
78605,4,4
78604,5,9
94990,2,1
111376,3,3
94992,3,3
78608,6,12
78613,2,1
94997,4,6
70421,3,2
94998,6,11
78616,2,1
86808,2,1
86810,9,36
78621,2,1
103198,2,1
70433,5,8
70432,5,9
70435,6,15
111394,4,4
70437,6,15
103205,2,1
70436,6,15
86823,6,15
70438,6,15
70440,2,1
86824,6,15
78635,5,9
103210,5,8
78637,2,1
70445,5,5
95021,2,1
95020,2,1
86831,3,3
95023,5,10
103215,2,1
78638,2,1
78641,3,3
103219,2,1
78645,6,15
103227,7,21
78655,2,1
70463,2,1
95038,2,1
78657,2,1
70466,2,1
86852,2,1
86856,2,1
86858,5,10
95053,2,1
70479,2,1
70481,2,1
70483,2,1
78674,3,3
70484,2,1
95060,6,15
70487,2,1
78681,2,1
70488,2,1
95069,4,6
70495,8,27
111454,2,1
95070,4,6
78690,2,1
70498,8,26
78693,2,1
70500,3,3
103273,2,1
70505,5,10
78696,2,1
70504,5,10
70507,5,10
70506,5,10
70509,4,4
78703,2,1
70511,3,3
70510,3,3
78702,2,1
78705,4,6
78704,2,1
70519,3,2
95095,9,36
70521,2,1
70520,2,1
78715,2,1
70522,4,3
86908,3,3
95100,2,1
78716,2,1
95102,2,1
78721,11,51
95104,2,1
70530,6,15
103302,2,1
86925,2,1
70549,4,6
103317,2,1
70551,7,21
103318,4,4
95131,2,1
86938,3,3
78748,6,15
78751,4,6
70558,5,9
78753,4,6
103329,2,1
78752,4,6
78754,4,6
70568,3,2
103339,2,1
103340,5,8
111534,2,1
103342,5,8
86960,4,5
103347,2,1
78774,6,15
103355,2,1
103357,2,1
70589,7,21
70591,7,21
70590,2,1
70592,2,1
70595,6,15
70599,3,3
70598,6,11
70600,5,10
70602,3,2
70605,2,1
86991,2,1
70611,9,32
111570,2,1
70615,2,1
78807,4,4
86998,2,1
95194,2,1
70620,2,1
70624,2,1
95203,2,1
70627,11,47
103397,3,3
78821,5,9
70629,11,47
70628,7,21
70631,11,47
70633,2,1
78825,2,1
95212,2,1
70640,6,15
87026,2,1
78840,2,1
87032,3,3
103419,2,1
95231,3,3
70654,2,1
78846,2,1
87040,3,3
70656,2,1
70658,2,1
78853,3,3
78852,3,3
78854,3,3
70667,5,10
95242,2,1
70666,4,6
70670,2,1
78864,2,1
70672,2,1
95251,13,60
70674,3,2
70677,7,21
70676,11,47
70679,11,47
70678,3,3
70681,2,1
70680,9,9
87067,2,1
78875,2,1
70687,2,1
70689,2,1
111648,2,1
95266,2,1
95271,2,1
70694,3,3
95272,2,1
70696,2,1
70699,4,6
70701,3,3
70700,2,1
78895,5,5
111663,3,2
70703,2,1
70705,3,3
70706,2,1
70711,5,10
70712,5,10
78904,3,3
95291,3,3
95290,9,19
78906,5,7
111681,4,6
70728,4,6
78920,2,1
70737,3,2
87120,2,1
70739,2,1
78930,3,3
70738,2,1
78942,7,8
95328,6,15
70755,4,4
70762,2,1
87151,2,1
103535,2,1
78958,2,1
78961,2,1
95344,3,2
78963,3,3
87154,3,3
78965,2,1
70772,4,5
70777,2,1
87161,5,10
70776,6,14
70779,3,2
70778,4,6
87164,2,1
103548,2,1
87169,4,6
70784,9,23
87173,4,4
70789,4,5
87175,2,1
87179,2,1
95372,2,1
111759,7,21
111758,7,21
111761,7,21
95377,4,6
103569,2,1
111760,7,21
111763,7,21
95379,4,6
70803,3,3
111762,7,21
70802,5,9
95378,4,6
103570,2,1
87188,3,3
111764,7,21
79001,2,1
79002,3,3
70813,3,3
79015,3,2
95400,2,1
95409,2,1
79027,9,30
103602,3,3
79029,9,30
79028,7,21
70839,5,10
95416,4,6
103613,2,1
87229,2,1
87231,10,39
87233,3,3
70848,2,1
79043,7,21
95427,2,1
79042,9,30
95426,2,1
79044,3,2
70852,3,2
111812,4,6
111815,2,1
70854,2,1
79048,3,3
70859,2,1
111818,2,1
70858,7,18
79053,2,1
70861,13,78
70860,3,2
87247,6,8
70871,4,3
79065,4,5
87256,5,10
87259,5,10
87258,5,10
87261,5,10
95452,2,1
70881,2,1
70880,2,1
79076,4,5
70887,4,4
70886,2,1
87272,3,3
95467,2,1
70893,5,8
70892,5,10
70899,4,4
79093,3,2
87285,6,10
70905,7,21
95480,2,1
79103,2,1
79102,3,3
87294,3,2
70913,7,21
103683,2,1
103684,2,1
95497,3,3
70926,4,6
70930,4,6
95509,9,30
95511,4,6
70939,3,2
95515,2,1
111898,2,1
70940,2,1
111905,2,1
79139,2,1
79141,2,1
70949,3,2
87332,4,5
70955,7,21
70954,11,46
79148,3,3
79151,2,1
70960,11,48
70965,6,15
70964,6,12
95540,3,3
95543,3,3
87353,7,21
111929,2,1
111928,5,7
95544,3,3
70968,2,1
87355,3,3
103738,2,1
70973,2,1
79170,3,2
70978,10,42
87367,9,13
70985,9,36
87371,3,3
95563,2,1
103756,3,2
70990,5,10
70993,4,6
87376,3,3
70992,3,3
79187,3,3
70995,5,10
95570,3,2
79191,3,3
79192,3,3
111965,4,6
95583,2,1
71007,4,5
95582,2,1
71006,3,3
79201,4,4
71009,3,3
71010,3,3
95589,2,1
95593,6,15
103784,2,1
71020,6,15
95599,2,1
95600,3,2
71024,6,6
87414,3,3
71032,13,57
95608,6,7
79229,2,1
111997,3,3
103804,2,1
71036,2,1
95615,2,1
71039,2,1
87423,6,10
79230,3,3
111998,3,3
112000,3,3
71043,2,1
79234,2,1
95625,2,1
71048,3,3
71053,6,15
112012,4,6
87439,6,15
79246,2,1
87440,5,9
112016,2,1
71058,9,20
112021,5,8
71060,7,17
87447,4,6
112023,4,6
103833,2,1
95645,5,9
71068,4,4
71070,2,1
87459,5,8
71077,2,1
87460,8,27
71081,2,1
87464,3,2
112042,5,8
71085,6,13
95669,3,2
112053,2,1
112056,2,1
71096,6,15
79293,5,10
71100,4,6
79295,2,1
71104,2,1
103876,3,2
79303,2,1
95689,5,9
103883,4,6
79306,5,10
103884,2,1
79308,4,6
79311,5,10
79310,5,10
79312,5,10
103892,6,15
71124,2,1
71127,3,3
71126,2,1
79321,2,1
103897,6,15
103898,6,15
71130,2,1
112093,2,1
103903,6,15
87521,2,1
79328,2,1
87527,2,1
71145,5,10
71144,3,2
71146,5,10
79347,2,1
71154,2,1
103926,2,1
71165,4,4
71164,3,2
95743,6,12
103934,2,1
71175,2,1
71174,2,1
79369,2,1
71179,2,1
71182,4,4
87575,4,6
71193,2,1
79384,2,1
95773,2,1
71201,2,1
71211,4,6
71210,4,6
103981,3,3
71213,3,3
71214,3,2
95790,2,1
71220,4,4
79414,3,3
71222,4,4
95798,2,1
79417,6,15
71227,2,1
71231,2,1
87615,3,3
95809,3,3
104001,5,10
79428,4,6
71242,6,15
79434,2,1
95820,3,3
71246,6,15
87635,5,10
87634,5,10
71257,2,1
104027,4,6
87643,2,1
87642,2,1
104026,4,6
71260,5,10
71263,3,3
71262,3,3
71264,3,3
79458,2,1
104034,4,4
71268,6,15
112228,3,3
71276,2,1
71280,3,3
71283,13,78
71282,2,1
71285,7,17
104055,7,21
104054,10,41
112246,3,3
79478,10,18
79481,2,1
104057,3,3
104056,2,1
71297,4,5
95873,2,1
79491,3,3
95885,4,4
71308,3,3
87699,4,6
95890,3,2
71318,4,6
71321,6,15
79514,13,56
79517,8,28
79519,2,1
79521,13,57
79520,10,40
104100,2,1
71334,3,2
71341,2,1
71343,8,17
71350,2,1
79545,3,3
87743,2,1
87742,2,1
79561,2,1
104136,2,1
71371,2,1
104141,5,10
71373,2,1
87758,2,1
71374,2,1
104147,6,13
112339,3,3
71378,2,1
104146,5,10
104148,6,13
95961,2,1
95963,4,4
79579,2,1
87771,2,1
71386,4,6
79581,4,6
79587,2,1
79590,2,1
79592,4,6
71405,2,1
71411,2,1
104180,7,10
71412,3,3
79607,2,1
71415,3,2
71414,6,15
104182,2,1
71419,6,15
95995,7,21
112381,2,1
71427,2,1
96005,8,25
87812,2,1
87815,7,19
87816,6,15
87818,7,19
87821,3,3
79630,3,3
96019,2,1
71445,2,1
71444,3,2
87828,7,19
71449,4,6
104216,4,5
104224,7,19
96032,7,21
71461,2,1
96041,3,3
104233,2,1
71469,2,1
104237,4,6
79662,3,3
79665,3,3
71476,3,2
87863,2,1
79671,3,3
96054,13,78
71481,5,8
87864,2,1
71480,4,6
112443,2,1
71482,4,6
87871,2,1
87875,2,1
112450,2,1
79687,5,10
79689,5,10
96073,2,1
79690,5,10
79693,5,10
71502,6,10
96078,13,78
96080,2,1
96082,3,3
104274,5,10
79700,3,3
71511,7,21
96089,2,1
96090,3,3
71521,4,6
96097,13,78
87904,2,1
87907,5,8
71523,6,15
71522,6,15
71524,6,10
71527,6,15
71526,7,19
96102,2,1
79718,3,3
71529,3,3
71528,7,19
87912,2,1
79725,2,1
96109,2,1
87917,8,26
96110,13,78
96113,13,78
96115,13,78
96114,13,78
71540,2,1
96120,3,3
71549,2,1
71551,2,1
96126,3,3
87937,6,8
96129,6,14
71553,2,1
71555,3,3
96132,4,6
96135,3,3
71558,3,3
71561,7,19
71560,7,19
87946,2,1
71565,2,1
71566,2,1
79761,5,10
96146,7,21
71572,2,1
87959,2,1
87962,5,10
71583,2,1
104351,3,2
104350,2,1
112545,8,27
87970,3,3
96169,2,1
87978,2,1
96172,7,21
79793,2,1
96176,2,1
71605,7,21
87988,2,1
71604,10,40
71607,2,1
79798,2,1
71606,2,1
104374,2,1
104377,2,1
87992,8,27
104376,2,1
71611,4,4
87995,2,1
112572,2,1
87999,2,1
112575,2,1
104387,2,1
96197,3,3
79813,2,1
71620,6,15
104388,2,1
71623,6,15
96199,4,5
112584,3,3
104392,3,2
71631,2,1
79822,3,3
71634,2,1
88021,7,18
71638,6,12
71646,2,1
71648,6,15
88032,2,1
96228,2,1
79844,3,3
88036,3,3
79846,2,1
79851,2,1
96234,2,1
71661,8,27
112620,2,1
79854,5,6
71662,7,21
71664,3,3
79859,2,1
71671,6,10
71670,5,9
71673,5,8
79865,6,15
71672,2,1
104446,3,3
71680,4,3
71687,4,3
71688,2,1
88075,3,3
71694,2,1
71697,8,14
96274,4,4
112660,2,1
71700,5,9
71706,6,11
96282,7,21
71709,9,30
71708,9,30
88095,5,7
71715,2,1
79907,2,1
96298,2,1
71722,3,3
71725,3,3
88108,2,1
112686,2,1
96305,2,1
71729,2,1
79925,5,9
79924,2,1
71741,3,3
71740,7,21
104510,3,3
96320,2,1
112722,2,1
96347,3,3
79973,4,5
79972,2,1
104550,3,3
71786,3,3
79983,2,1
71795,4,3
88180,4,4
112759,7,21
96377,4,6
79992,2,1
71803,3,3
96387,2,1
88196,8,17
71816,2,1
71819,3,3
80011,2,1
71823,3,3
88206,5,10
71822,2,1
96401,2,1
96402,2,1
80020,3,3
112788,4,6
71831,4,6
88219,2,1
88221,2,1
88223,2,1
71838,4,4
96414,2,1
88224,2,1
71842,4,6
88229,2,1
71849,4,3
96425,3,3
71848,2,1
71850,2,1
88239,2,1
71857,2,1
80051,2,1
104628,2,1
88253,2,1
104639,3,3
71871,3,2
71874,2,1
104648,2,1
104653,2,1
80076,3,3
71889,4,5
80081,6,10
80084,4,3
71895,2,1
96470,2,1
80095,2,1
71902,6,15
88292,5,10
80103,4,6
80102,4,6
104680,2,1
80104,4,6
71915,6,12
80106,4,6
104682,2,1
71916,4,6
71918,2,1
96494,7,16
88306,2,1
80116,2,1
71926,3,3
71929,5,8
96509,2,1
71933,4,4
71941,5,8
71940,6,15
96519,2,1
71943,6,15
71944,6,15
80136,5,10
88330,3,3
80138,7,18
104722,2,1
80146,7,18
80148,7,18
96535,4,6
80151,5,10
71958,3,3
80150,7,18
71964,2,1
71969,4,6
71970,8,18
88357,4,6
71972,7,16
88356,4,6
80169,2,1
80173,2,1
96556,3,3
80172,2,1
96563,2,1
71987,2,1
88375,2,1
104761,2,1
112955,2,1
96572,2,1
104764,2,1
96575,2,1
88382,4,6
104773,2,1
96580,3,3
80196,3,3
80199,2,1
88397,2,1
96591,4,6
80206,2,1
80209,2,1
96593,2,1
80211,2,1
96596,2,1
88404,5,9
72023,3,3
72025,5,6
72027,2,1
88411,3,3
104798,2,1
72033,2,1
72035,2,1
80226,3,3
88418,4,6
80228,3,3
96618,2,1
72046,3,3
80240,4,3
88435,3,2
72052,2,1
96637,6,15
72060,3,3
88447,2,1
72063,7,21
96641,2,1
96642,2,1
80261,3,3
72070,2,1
80265,3,3
80264,3,2
80267,4,6
80266,4,4
80269,5,7
88461,2,1
80268,4,6
113036,2,1
80273,9,28
80275,8,26
88467,8,24
113042,2,1
72087,2,1
96662,2,1
80283,8,25
72090,7,14
80289,3,3
80291,2,1
72099,3,3
80290,3,2
96677,2,1
80292,2,1
104870,3,3
72105,2,1
80298,7,18
72109,2,1
80303,6,15
72111,6,9
104883,3,3
113075,2,1
104884,4,4
113076,2,1
88502,2,1
96697,2,1
72120,2,1
96699,3,3
80317,6,15
88508,2,1
96704,2,1
80324,2,1
88516,5,7
96711,2,1
88521,2,1
104907,4,6
96714,3,3
104915,5,10
96728,4,6
80353,3,2
72162,2,1
80365,2,1
72176,4,6
72181,2,1
72182,8,27
72184,10,45
96764,3,2
96771,4,6
72196,3,2
96774,2,1
72209,4,6
113171,2,1
104978,6,14
104985,2,1
80409,6,12
88602,5,10
96801,2,1
104994,3,3
96805,2,1
80422,2,1
96821,8,28
88629,2,1
72245,3,2
88631,2,1
80441,2,1
80440,2,1
88637,2,1
88636,2,1
113215,2,1
72259,2,1
80462,8,27
80465,6,15
96848,2,1
80467,6,15
80466,6,15
96850,3,2
80468,6,15
96855,2,1
96854,2,1
80474,5,9
72284,2,1
72297,5,10
80494,2,1
113273,2,1
72315,6,9
113274,2,1
80506,3,2
72319,2,1
80514,2,1
80516,2,1
88708,4,6
88711,4,3
72331,5,9
88717,2,1
96911,3,3
80526,2,1
80529,3,3
96913,9,36
96915,3,3
80530,3,3
72341,2,1
88725,2,1
88727,2,1
72345,2,1
88728,6,13
72347,4,6
105114,4,6
72346,13,57
96924,6,15
88736,5,8
88745,2,1
96945,3,3
80562,5,8
113333,2,1
80564,4,6
80566,2,1
113334,2,1
80569,2,1
88760,3,3
113339,3,3
80571,4,6
105147,5,7
80573,3,3
105149,2,1
80574,6,9
113349,2,1
113348,2,1
80582,5,10
113355,2,1
113354,3,2
80589,2,1
96972,4,6
80591,2,1
96974,3,2
96979,6,14
72406,5,10
72410,10,40
72412,13,57
96990,4,6
72421,2,1
88804,6,10
80614,2,1
88809,4,6
80623,3,2
80631,2,1
105206,6,15
72443,4,4
97021,2,1
97023,2,1
72452,13,57
97033,2,1
72457,2,1
88845,2,1
80655,3,3
72464,2,1
113431,8,28
113432,8,28
80664,2,1
80673,4,6
80675,6,12
80674,4,6
72484,3,3
80678,2,1
80681,2,1
105257,2,1
88872,4,4
105259,2,1
88874,3,2
105258,3,3
105261,2,1
80697,4,6
88890,2,1
80698,5,10
72510,3,2
72512,2,1
88896,3,3
80707,3,3
105282,5,10
97092,2,1
80722,5,9
72530,4,4
80725,2,1
88917,4,6
72535,4,6
72536,2,1
113499,3,3
105306,6,8
97127,3,3
97129,3,3
80753,3,2
72567,7,21
97143,4,6
113529,2,1
88953,2,1
80761,2,1
88957,3,3
88958,3,3
88961,4,6
80769,2,1
80771,2,1
80776,2,1
72586,2,1
88974,2,1
113555,2,1
72594,2,1
105365,2,1
72596,2,1
88983,2,1
80790,3,2
88985,4,6
80792,3,2
80794,2,1
72609,2,1
97184,4,6
80805,3,3
105380,5,10
105382,2,1
80809,3,3
89003,4,6
80810,7,21
80813,7,21
72621,4,6
80815,7,21
105391,3,2
80814,7,21
72622,4,6
80817,7,21
89009,2,1
80816,7,21
72624,4,6
89008,2,1
72627,4,6
72626,2,1
80825,4,3
80830,3,3
80833,3,3
89026,3,3
89030,5,8
89034,4,4
105423,5,10
80853,5,10
105430,5,10
72664,2,1
80859,3,2
105435,5,10
80858,3,2
97242,2,1
105434,5,10
80865,3,2
80869,5,10
80871,2,1
72679,3,2
97255,3,3
80872,2,1
97261,4,6
72684,2,1
89071,3,2
72686,2,1
80878,2,1
97262,8,27
80880,2,1
72697,6,14
80888,3,2
72699,2,1
80891,2,1
80890,3,2
113661,2,1
72701,2,1
113666,2,1
113670,2,1
97289,2,1
80904,2,1
72715,6,12
89100,2,1
97292,2,1
80910,2,1
72721,5,8
89108,3,3
72727,3,2
72726,2,1
72729,2,1
97307,3,2
80927,4,3
97310,4,6
97314,2,1
113702,2,1
80936,5,10
72746,4,6
80938,2,1
113709,3,3
113712,3,3
97337,5,10
80955,2,1
97339,6,11
89148,2,1
72766,2,1
89157,6,15
80969,5,10
72777,3,3
72776,4,5
80971,9,25
89163,4,6
80970,9,25
72778,2,1
80973,5,10
89164,5,10
97359,3,3
72782,2,1
72789,3,3
80980,2,1
72791,2,1
89174,2,1
89181,2,1
105567,3,3
72798,2,1
80995,2,1
80996,2,1
72809,6,15
72812,6,15
97392,4,5
89203,3,3
97398,4,6
97403,7,21
97407,7,21
89214,6,15
97409,7,21
72832,9,36
97408,7,21
72835,9,28
97411,7,21
97413,7,21
97415,2,1
105606,2,1
89225,2,1
97418,2,1
97420,4,6
81043,2,1
72853,2,1
89236,3,2
72857,2,1
72856,6,11
81050,2,1
105626,3,3
81052,2,1
105628,2,1
113825,2,1
89253,3,3
72873,2,1
89256,5,7
97451,3,3
105648,4,4
81075,2,1
89266,2,1
97463,3,3
97462,3,3
105657,4,5
89272,2,1
72891,4,6
72890,4,6
81082,2,1
105658,4,5
72893,6,8
105663,4,6
72894,4,6
72901,7,20
89284,2,1
72905,7,20
81096,2,1
72904,8,24
72907,6,15
81098,2,1
81100,4,4
72910,8,24
113870,4,6
97488,2,1
97490,5,7
72914,2,1
97493,3,2
81113,4,4
105690,3,3
97500,4,6
89308,2,1
81123,2,1
72935,11,43
105707,2,1
89322,2,1
105709,3,3
97516,5,10
89327,2,1
81139,4,6
97522,5,10
113913,2,1
89339,5,10
113914,2,1
97533,3,3
89340,5,10
72958,8,19
89342,3,3
72963,2,1
72964,4,5
89351,4,6
105734,8,28
72968,2,1
97544,4,5
72973,8,26
97549,2,1
72975,2,1
72974,8,27
89360,2,1
97557,5,10
89364,2,1
97558,2,1
72985,3,2
105755,2,1
89372,2,1
105765,5,10
89381,5,10
73001,2,1
89387,4,6
73003,2,1
73002,2,1
73004,2,1
97582,6,15
73008,2,1
105785,2,1
73022,3,3
89409,2,1
89416,5,10
97614,2,1
73040,2,1
97616,3,2
105811,5,10
81235,5,10
89427,2,1
105810,6,14
73042,2,1
105812,6,14
97620,2,1
105814,3,3
114008,3,3
89435,6,10
114010,3,3
81242,2,1
97628,2,1
114015,2,1
105826,2,1
89444,5,10
105828,2,1
73062,2,1
81254,5,8
73067,5,9
97642,3,2
89455,4,5
89454,3,3
89461,2,1
73077,6,12
89463,2,1
73078,2,1
89465,4,6
89464,2,1
73091,2,1
81282,3,3
89476,2,1
81287,2,1
73094,6,7
89480,15,64
97683,3,3
97684,3,3
73111,5,7
81309,9,36
81308,9,36
105884,2,1
105887,4,6
97696,5,9
105891,6,11
73123,3,3
97700,2,1
114084,3,3
73131,5,10
105899,3,3
105898,2,1
73135,5,10
73136,5,10
73139,2,1
73138,2,1
97714,7,21
73141,5,10
73142,9,30
73145,2,1
97725,5,10
73153,2,1
81349,6,13
81348,6,13
105929,3,3
81355,2,1
97738,2,1
81356,3,3
97749,2,1
114135,4,6
73174,2,1
97753,3,2
73177,5,10
73179,4,6
73178,7,15
89565,2,1
73180,5,9
114144,2,1
73184,8,22
73187,2,1
97763,3,3
73186,5,10
89574,2,1
73192,2,1
114154,2,1
73199,2,1
81396,2,1
81398,12,53
81411,2,1
73219,6,11
114178,2,1
89604,2,1
97805,3,3
81425,2,1
97808,5,9
97811,2,1
81426,11,43
97810,3,2
81429,12,53
97817,2,1
89625,2,1
89626,3,2
81437,2,1
73244,2,1
97823,4,6
81446,2,1
97839,2,1
106031,2,1
106030,4,6
73267,9,36
73269,2,1
81461,6,13
89652,2,1
81460,2,1
73270,2,1
97846,2,1
114233,2,1
81464,5,9
114232,2,1
97853,2,1
106048,5,9
73286,3,2
114246,3,3
106063,6,15
106062,5,9
73297,3,3
114257,2,1
81488,4,6
89680,2,1
73299,6,12
97877,2,1
97878,2,1
106070,2,1
89689,2,1
97881,2,1
114264,2,1
114267,2,1
97883,3,3
73311,3,2
106078,2,1
89697,4,6
106086,2,1
81510,2,1
73321,2,1
106089,2,1
114285,2,1
97902,4,3
73329,4,6
97907,6,15
97906,6,15
114299,2,1
73341,12,50
73343,8,25
73344,8,27
73346,2,1
81541,2,1
89734,2,1
106121,2,1
81549,2,1
73359,2,1
81552,3,3
73363,2,1
73365,3,3
114325,2,1
114324,3,2
73367,3,3
73366,3,3
97945,2,1
73368,3,2
73370,11,46
106152,4,3
73387,12,50
73389,12,50
73390,2,1
106162,3,3
89778,2,1
73399,3,3
89782,2,1
73401,3,3
73404,4,6
89788,2,1
97983,2,1
89792,2,1
73408,10,35
97986,10,45
73410,12,51
106181,2,1
73415,4,6
73414,4,6
73416,6,13
81611,3,3
97994,2,1
73421,2,1
81617,3,3
81616,3,3
114386,2,1
114389,3,3
73429,10,43
73430,14,64
73435,4,6
106203,3,3
114395,3,2
89819,3,3
73434,4,6
114394,2,1
89822,2,1
73447,2,1
81639,3,3
114406,4,6
114409,4,6
81641,3,3
73451,4,4
81642,3,3
98028,2,1
98035,3,3
114420,3,3
81652,2,1
89849,4,6
106235,2,1
114427,4,6
106234,5,7
114426,4,6
114430,4,6
114432,4,6
73480,7,7
89869,2,1
106253,2,1
81678,3,3
106257,2,1
106259,3,3
98067,2,1
73490,3,3
106261,3,3
114453,2,1
114454,2,1
98075,4,6
81691,3,3
81692,2,1
98079,2,1
98078,3,3
89886,2,1
81703,6,15
98091,2,1
89901,7,12
73516,4,3
81710,2,1
98100,3,2
106292,2,1
98107,2,1
89915,3,2
98109,2,1
89921,7,21
81731,3,3
98115,2,1
81730,5,10
89922,2,1
98117,5,10
81734,6,15
73542,8,22
98127,2,1
73550,8,22
81745,2,1
114512,3,2
98135,2,1
114523,2,1
73567,2,1
73569,3,2
73568,2,1
73571,2,1
81763,3,3
89954,3,3
73570,2,1
81762,3,3
73573,3,3
81765,3,3
106345,2,1
73576,6,15
114538,2,1
98158,3,2
89966,6,11
114544,2,1
89970,6,11
73594,4,6
89981,5,10
89982,5,10
73601,8,17
114560,2,1
114564,3,2
73607,6,11
106378,4,5
89997,2,1
73612,6,13
98191,2,1
73614,2,1
73617,11,40
73619,2,1
81810,4,6
73618,2,1
98197,2,1
106393,3,3
98200,2,1
81819,6,13
81818,6,13
114586,2,1
98210,3,2
98214,2,1
114601,3,3
81832,2,1
90027,2,1
81836,4,4
81839,2,1
106425,2,1
73660,5,10
81860,2,1
90057,2,1
73674,9,36
106446,2,1
81875,2,1
90068,2,1
90071,2,1
106457,8,27
90072,2,1
106459,2,1
98266,2,1
73694,2,1
81891,4,5
98277,2,1
73701,3,2
81895,2,1
114672,3,3
98293,6,15
73718,6,11
98297,6,15
73720,5,10
98296,6,15
98299,6,15
98298,6,15
73725,2,1
98300,6,15
